customer_id,first_name,last_name,email,segment,region,acquisition_date
CUST_033554,William,Stewart,william.stewart@webster-gray.com,Standard,East,2021-06-26
CUST_009428,Jennifer,Russell,jennifer.russell@wright.org,Standard,West,2023-07-11
CUST_000200,Michelle,Burton,michelle.burton@gonzales.info,Standard,Central,2022-05-18
CUST_012448,Richard,Vang,richard.vang@mendoza.com,Standard,West,2022-02-11
CUST_039490,Joshua,Swanson,joshua.swanson@walters.com,Budget,East,2023-11-29
CUST_042725,Stephanie,Maldonado,stephanie.maldonado@martinez.biz,Budget,South,2024-01-09
CUST_010823,Tiffany,Bailey,tiffany.bailey@lee.com,Budget,North,2021-07-17
CUST_049499,Diane,Camacho,diane.camacho@sullivan.info,Standard,North,2021-08-03
CUST_004145,Michael,Rodriguez,michael.rodriguez@salazar.com,Standard,East,2024-05-29
CUST_036959,Michael,Barker,michael.barker@thompson.com,Standard,South,2021-07-06
CUST_043107,Kathryn,Knight,kathryn.knight@johnson.com,Standard,Central,2021-01-20
CUST_038696,Joseph,Odonnell,joseph.odonnell@jacobs.net,Budget,North,2023-07-03
CUST_006189,Ronald,Alvarez,ronald.alvarez@castillo.com,Budget,East,2022-06-26
CUST_001415,Roy,Rogers,roy.rogers@shelton.com,Standard,North,2021-10-04
CUST_018472,Nathaniel,Williams,nathaniel.williams@edwards.com,Standard,South,2022-08-10
CUST_029283,Sarah,Huffman,sarah.huffman@smith.biz,Standard,East,2021-05-02
CUST_015178,Melanie,Bond,melanie.bond@williams.info,Standard,West,2023-11-25
CUST_034305,Richard,Patterson,richard.patterson@johnson.com,Standard,South,2023-02-27
CUST_012610,Timothy,Simpson,timothy.simpson@reynolds.org,Standard,South,2021-04-10
CUST_012145,Dustin,Bennett,dustin.bennett@harris.net,Budget,West,2022-11-21
CUST_006114,Melissa,Stark,melissa.stark@cummings.com,Standard,South,2021-07-22
CUST_015909,Samuel,Thomas,samuel.thomas@thompson.biz,Budget,East,2022-04-04
CUST_000822,Melanie,Wiggins,melanie.wiggins@owens-williams.net,Budget,North,2023-12-04
CUST_015119,Barbara,Larson,barbara.larson@cuevas.com,Budget,North,2021-02-14
CUST_013467,Amy,White,amy.white@gray-gibson.info,Standard,South,2024-04-18
CUST_026498,Tiffany,Manning,tiffany.manning@becker.info,Standard,Central,2022-09-05
CUST_042112,Paul,Johnston,paul.johnston@white.org,Budget,South,2022-04-18
CUST_030189,Teresa,Weber,teresa.weber@johnson.info,Budget,East,2024-11-24
CUST_037238,Douglas,Lee,douglas.lee@foster.com,Standard,North,2021-06-06
CUST_033110,Melissa,Miller,melissa.miller@frazier.com,Budget,Central,2023-11-13
CUST_036481,Kristen,Smith,kristen.smith@hendrix-owens.net,Budget,North,2022-02-27
CUST_024149,Lee,Johnson,lee.johnson@hoffman.com,Standard,Central,2023-06-10
CUST_005504,Toni,Obrien,toni.obrien@morris.com,Standard,South,2022-06-27
CUST_003919,Danielle,Morales,danielle.morales@vaughn.com,Standard,East,2024-11-30
CUST_038479,Lori,Carter,lori.carter@stevens.net,Premium,West,2021-08-09
CUST_021124,Amy,Hicks,amy.hicks@case.com,Standard,East,2023-05-30
CUST_049718,Michelle,Johnson,michelle.johnson@osborne.com,Standard,West,2024-05-02
CUST_042295,Jaime,Hernandez,jaime.hernandez@adkins.info,Budget,East,2021-09-22
CUST_047610,Regina,Cantu,regina.cantu@house.com,Budget,East,2024-06-04
CUST_011077,David,Archer,david.archer@koch.net,Budget,East,2023-01-26
CUST_041515,Anthony,Singh,anthony.singh@walters-bennett.biz,Budget,North,2021-06-04
CUST_022063,Tristan,Chapman,tristan.chapman@bradley.com,Standard,East,2021-02-28
CUST_009414,Aaron,Patel,aaron.patel@weaver.info,Budget,Central,2024-08-13
CUST_038341,Jennifer,Davis,jennifer.davis@davidson.com,Standard,North,2024-10-08
CUST_030264,Charles,Cruz,charles.cruz@perez.org,Standard,East,2021-06-10
CUST_041253,James,Escobar,james.escobar@barker.com,Standard,Central,2023-01-29
CUST_014645,Oscar,Lopez,oscar.lopez@foster.com,Budget,Central,2021-08-07
CUST_026336,Nathaniel,Martin,nathaniel.martin@hubbard.com,Standard,North,2021-02-02
CUST_028103,Dawn,Higgins,dawn.higgins@wallace-johnson.net,Standard,East,2021-03-31
CUST_017524,Daniel,Bailey,daniel.bailey@bell-fields.org,Standard,East,2022-02-11
CUST_024713,Tonya,Fields,tonya.fields@moses.com,Standard,North,2021-08-15
CUST_040486,Tiffany,Long,tiffany.long@shaw.com,Standard,West,2024-07-27
CUST_003851,Cynthia,Weeks,cynthia.weeks@fuller.com,Standard,Central,2022-02-23
CUST_040041,Brittany,Guerrero,brittany.guerrero@smith.com,Standard,South,2022-04-18
CUST_015268,Mary,Murphy,mary.murphy@lopez-jordan.com,Budget,North,2021-12-20
CUST_049147,Brett,Sweeney,brett.sweeney@hawkins.com,Standard,South,2022-07-01
CUST_030002,Jacqueline,Hunter,jacqueline.hunter@fisher.biz,Budget,South,2022-01-04
CUST_045927,Crystal,Fox,crystal.fox@franco.com,Standard,North,2023-07-05
CUST_043825,Theodore,Evans,theodore.evans@friedman-morris.info,Budget,East,2021-05-21
CUST_017241,Kyle,Landry,kyle.landry@taylor-allen.com,Premium,South,2022-03-22
CUST_004893,David,Maldonado,david.maldonado@byrd-davis.info,Standard,Central,2021-01-12
CUST_000726,Paul,Warren,paul.warren@cannon-moore.com,Budget,North,2024-06-26
CUST_022950,Christopher,Franklin,christopher.franklin@wu.com,Budget,North,2024-02-25
CUST_034658,Amanda,Garcia,amanda.garcia@duncan.info,Budget,North,2024-08-19
CUST_037214,Paul,Baker,paul.baker@howard.com,Standard,North,2022-08-11
CUST_020305,Keith,Baker,keith.baker@elliott.com,Standard,Central,2023-01-02
CUST_015270,Timothy,Barrett,timothy.barrett@sanders-lynn.net,Budget,East,2024-11-22
CUST_022368,Kristen,Jones,kristen.jones@harris.biz,Standard,Central,2024-10-09
CUST_042685,Megan,Keller,megan.keller@jones.com,Standard,West,2023-10-02
CUST_046735,Heidi,Baker,heidi.baker@reid.com,Budget,West,2021-03-17
CUST_011733,Mary,Watson,mary.watson@ortega-garcia.net,Standard,East,2021-07-06
CUST_018620,Alexander,Carter,alexander.carter@daniels.com,Budget,South,2021-01-23
CUST_048493,April,Hughes,april.hughes@ward.biz,Standard,West,2022-08-21
CUST_026804,Patricia,Jordan,patricia.jordan@roberts.biz,Standard,South,2023-02-06
CUST_044306,Jessica,Rose,jessica.rose@serrano.com,Standard,Central,2021-09-21
CUST_047523,Albert,Rodriguez,albert.rodriguez@smith-johnson.com,Budget,West,2022-07-11
CUST_032208,Allison,Kim,allison.kim@monroe.com,Budget,East,2023-10-30
CUST_002531,Jared,Smith,jared.smith@gibson.com,Standard,Central,2022-06-08
CUST_017747,Michael,Hahn,michael.hahn@washington.com,Standard,South,2021-09-28
CUST_008271,Scott,Bennett,scott.bennett@smith.org,Standard,East,2021-06-12
CUST_015080,Samantha,Holder,samantha.holder@frazier.com,Budget,West,2022-04-23
CUST_013625,David,Taylor,david.taylor@jimenez.com,Standard,West,2021-11-09
CUST_030639,Sean,Webb,sean.webb@mitchell-mendoza.com,Budget,North,2021-06-20
CUST_030441,Douglas,Steele,douglas.steele@campbell.net,Standard,North,2024-03-25
CUST_036057,Donna,Shaw,donna.shaw@lopez.biz,Standard,East,2021-01-22
CUST_042652,Aaron,Liu,aaron.liu@williamson-horn.com,Budget,South,2022-10-28
CUST_036804,Timothy,Wilson,timothy.wilson@mays-clark.biz,Budget,West,2022-08-29
CUST_048225,Monica,Nguyen,monica.nguyen@garza.biz,Standard,East,2024-02-14
CUST_029227,Joshua,Molina,joshua.molina@lewis.info,Budget,Central,2023-11-27
CUST_005634,David,Mahoney,david.mahoney@miller.com,Standard,East,2023-01-04
CUST_005988,Richard,Moore,richard.moore@sanchez.com,Standard,South,2021-08-24
CUST_048064,Natasha,Pratt,natasha.pratt@mckay.info,Premium,Central,2023-03-04
CUST_001813,Veronica,Espinoza,veronica.espinoza@castillo-barber.com,Standard,North,2023-10-03
CUST_027579,Michael,Townsend,michael.townsend@foley-wood.com,Standard,South,2021-05-09
CUST_016824,James,Stewart,james.stewart@morrison.com,Standard,East,2022-06-02
CUST_003929,Joan,Tran,joan.tran@alvarado.com,Standard,East,2023-03-14
CUST_037287,Hunter,Carson,hunter.carson@warren-smith.info,Standard,South,2021-08-22
CUST_025046,Daniel,Estrada,daniel.estrada@holmes-ramirez.com,Standard,West,2023-06-15
CUST_015728,Christopher,Lara,christopher.lara@duncan.com,Standard,North,2023-02-28
CUST_029601,Bruce,Chavez,bruce.chavez@harris.biz,Premium,West,2024-11-08
CUST_010431,Brian,Johnson,brian.johnson@jacobson-norris.info,Standard,Central,2024-01-27
CUST_025769,Jeffery,Jones,jeffery.jones@richardson-harris.biz,Budget,South,2023-03-12
CUST_029104,Kelli,Castro,kelli.castro@smith-martin.com,Budget,South,2021-10-26
CUST_036538,Robert,Carrillo,robert.carrillo@hall-smith.net,Standard,Central,2023-02-13
CUST_039329,Dana,Yu,dana.yu@rodriguez.com,Budget,South,2022-11-29
CUST_035540,Jennifer,Wood,jennifer.wood@jacobs.com,Premium,North,2021-09-30
CUST_028076,Amy,Hayden,amy.hayden@floyd-young.com,Budget,North,2023-08-09
CUST_017841,Barbara,Welch,barbara.welch@howell.info,Standard,West,2022-07-10
CUST_027803,John,Thomas,john.thomas@payne.com,Standard,South,2023-07-06
CUST_007683,Nicholas,Trevino,nicholas.trevino@mason-johnson.com,Budget,East,2021-09-17
CUST_024280,Nancy,Obrien,nancy.obrien@kim.com,Standard,West,2021-07-09
CUST_033071,Daniel,Barber,daniel.barber@jacobson-jones.com,Standard,West,2024-06-21
CUST_035558,Diana,Torres,diana.torres@foster.com,Standard,East,2024-09-02
CUST_037190,Angela,Warren,angela.warren@brown.com,Standard,East,2024-10-09
CUST_047150,Tammy,Walker,tammy.walker@dillon.com,Premium,North,2023-05-14
CUST_046916,Joshua,Hines,joshua.hines@wilkins.com,Premium,West,2024-02-21
CUST_009802,Kevin,Miller,kevin.miller@white.com,Standard,West,2023-09-01
CUST_038801,Andrea,Gray,andrea.gray@mathis.biz,Budget,Central,2021-10-30
CUST_024670,Jonathan,Cook,jonathan.cook@johnson.com,Standard,South,2021-09-14
CUST_044234,Victoria,Black,victoria.black@robinson-mccarthy.net,Standard,North,2021-07-16
CUST_031920,Curtis,Roberts,curtis.roberts@garcia-pearson.com,Standard,East,2023-03-19
CUST_007135,Sean,Brown,sean.brown@salazar.com,Premium,West,2023-04-23
CUST_033705,Matthew,Cook,matthew.cook@dean.com,Budget,West,2021-07-15
CUST_029661,Shelby,Austin,shelby.austin@simon-frost.org,Standard,North,2021-01-03
CUST_017894,Ronald,Morales,ronald.morales@cross.com,Budget,Central,2023-12-10
CUST_022019,Laura,Warren,laura.warren@wood-johnson.net,Standard,South,2023-06-06
CUST_013539,Nathan,Perez,nathan.perez@spencer.org,Standard,West,2022-06-08
CUST_043119,Shelby,Brennan,shelby.brennan@perez.org,Standard,Central,2022-04-27
CUST_036421,John,Sharp,john.sharp@johnson.info,Standard,South,2021-11-04
CUST_009406,Charles,Jones,charles.jones@wallace.com,Standard,South,2024-07-28
CUST_013414,Alan,Hayes,alan.hayes@nelson.com,Standard,East,2022-11-27
CUST_006721,Tina,Escobar,tina.escobar@king.com,Standard,South,2024-10-08
CUST_015602,Amanda,Hubbard,amanda.hubbard@beltran.com,Budget,East,2021-05-26
CUST_044744,Ashley,Larsen,ashley.larsen@graham.net,Budget,Central,2024-11-08
CUST_031139,Matthew,Patterson,matthew.patterson@henry.com,Budget,East,2021-07-14
CUST_002730,Courtney,Browning,courtney.browning@mooney.org,Premium,North,2022-04-11
CUST_038243,Jasmine,Ryan,jasmine.ryan@davis-torres.com,Premium,East,2023-11-20
CUST_029626,Roy,Simmons,roy.simmons@aguilar.org,Standard,East,2023-08-27
CUST_047895,Adam,White,adam.white@johnson.biz,Standard,South,2023-12-25
CUST_042091,Elizabeth,Allen,elizabeth.allen@lucas.net,Standard,North,2022-11-22
CUST_036400,Michael,Smith,michael.smith@rogers.com,Standard,East,2022-03-25
CUST_006245,Scott,Smith,scott.smith@nichols-winters.com,Premium,Central,2021-05-03
CUST_005546,Jonathan,Schmitt,jonathan.schmitt@turner.net,Standard,East,2021-02-16
CUST_004065,Linda,Hawkins,linda.hawkins@thomas.com,Standard,Central,2022-01-30
CUST_012852,Jacqueline,Edwards,jacqueline.edwards@craig-james.net,Budget,Central,2021-05-18
CUST_021803,Angela,Bond,angela.bond@graves.org,Premium,East,2022-12-11
CUST_041164,Emily,Padilla,emily.padilla@thomas-santos.com,Premium,North,2021-04-14
CUST_006233,Mary,Jackson,mary.jackson@morales-green.com,Standard,North,2021-01-13
CUST_003863,Shawn,Johnson,shawn.johnson@taylor-lopez.com,Standard,Central,2023-12-06
CUST_035095,Nicholas,Taylor,nicholas.taylor@paul.com,Standard,East,2023-04-09
CUST_040196,Hunter,Little,hunter.little@wagner.com,Budget,East,2024-08-02
CUST_039251,Stephen,Warren,stephen.warren@baldwin.com,Standard,South,2022-08-31
CUST_006218,Brian,Williams,brian.williams@baldwin.com,Budget,Central,2023-01-12
CUST_036776,Meagan,White,meagan.white@miller.com,Standard,West,2023-05-01
CUST_042977,Jay,Hoffman,jay.hoffman@rhodes.com,Budget,East,2021-11-18
CUST_048468,Terry,Johnson,terry.johnson@keith-martin.biz,Premium,West,2022-12-30
CUST_014832,Michael,Parsons,michael.parsons@mason.com,Standard,West,2024-06-24
CUST_030093,Kyle,Evans,kyle.evans@jensen.com,Budget,East,2023-03-30
CUST_008894,Valerie,Martinez,valerie.martinez@moore-clark.com,Standard,Central,2023-03-20
CUST_006021,Brittany,Castaneda,brittany.castaneda@pierce.info,Standard,Central,2022-04-06
CUST_046089,Matthew,Sosa,matthew.sosa@harrell-lewis.com,Standard,West,2024-11-13
CUST_015243,Rodney,Figueroa,rodney.figueroa@cole.com,Standard,South,2024-10-13
CUST_045308,Michael,Williams,michael.williams@fischer.com,Standard,West,2021-04-24
CUST_026551,Raymond,Williams,raymond.williams@arnold-white.com,Budget,North,2024-10-24
CUST_006035,Hayley,Martinez,hayley.martinez@phillips.com,Standard,North,2021-05-14
CUST_007906,Tracy,Hampton,tracy.hampton@lang.com,Standard,South,2021-07-25
CUST_032226,Dakota,Jackson,dakota.jackson@aguilar-wood.com,Standard,East,2024-06-06
CUST_006018,Denise,Hanson,denise.hanson@ferguson.com,Budget,South,2024-10-18
CUST_021880,Ronald,Henry,ronald.henry@hodges.com,Standard,West,2023-10-29
CUST_002792,Michael,Allen,michael.allen@elliott-ritter.com,Budget,Central,2021-11-06
CUST_042606,Andre,Cantu,andre.cantu@miller-li.org,Premium,South,2021-03-13
CUST_005824,John,Harmon,john.harmon@thompson.net,Budget,North,2023-03-03
CUST_015388,Jason,Salazar,jason.salazar@hardy.com,Standard,South,2023-10-07
CUST_029562,Chad,Daniels,chad.daniels@wagner.info,Budget,East,2023-09-22
CUST_039476,Matthew,Miller,matthew.miller@moreno.biz,Standard,West,2023-08-22
CUST_000293,James,Maynard,james.maynard@mitchell-brown.com,Premium,West,2023-10-08
CUST_016958,Jennifer,Harris,jennifer.harris@sullivan-lambert.com,Standard,South,2023-03-24
CUST_030861,Sara,Nelson,sara.nelson@rush-williams.com,Budget,North,2021-10-30
CUST_014074,Erin,Mcdonald,erin.mcdonald@davis.com,Budget,West,2023-06-21
CUST_021857,Linda,Stark,linda.stark@paul.com,Standard,West,2021-03-19
CUST_022080,Travis,Freeman,travis.freeman@wright.com,Premium,South,2023-05-12
CUST_017024,Curtis,Torres,curtis.torres@hines-gallegos.info,Standard,East,2021-05-07
CUST_008740,Brandon,Cooper,brandon.cooper@mendoza.com,Premium,West,2021-11-25
CUST_015826,Sarah,Wright,sarah.wright@young.com,Premium,South,2021-07-01
CUST_002742,Erica,Kelly,erica.kelly@walsh.net,Standard,North,2024-07-27
CUST_018049,Katrina,Mason,katrina.mason@thompson-snow.com,Premium,East,2023-09-23
CUST_049937,James,Davidson,james.davidson@ramsey.biz,Standard,East,2021-05-30
CUST_017373,Cameron,Barnes,cameron.barnes@hall-meyers.com,Standard,West,2024-11-28
CUST_022022,Jennifer,Robinson,jennifer.robinson@nicholson.com,Standard,North,2021-04-26
CUST_046365,Hannah,Bailey,hannah.bailey@jimenez.com,Budget,West,2023-01-25
CUST_023538,Diamond,Herring,diamond.herring@clark-barry.com,Standard,West,2023-02-03
CUST_045500,Gloria,Williams,gloria.williams@gordon.biz,Standard,North,2023-03-05
CUST_040186,Holly,Duncan,holly.duncan@mosley-davidson.com,Premium,East,2023-06-29
CUST_009614,Jeffrey,Williams,jeffrey.williams@phillips.com,Standard,West,2024-09-10
CUST_043282,William,Bishop,william.bishop@espinoza.com,Standard,Central,2024-01-11
CUST_037892,Kevin,Flowers,kevin.flowers@ross.info,Standard,North,2024-04-27
CUST_026179,Leslie,Odom,leslie.odom@brown-richardson.com,Standard,East,2023-08-15
CUST_045893,Rebecca,Moran,rebecca.moran@barker.com,Premium,West,2021-10-09
CUST_020934,Joann,Warner,joann.warner@estrada-smith.com,Standard,East,2024-04-13
CUST_040972,Mary,Gonzalez,mary.gonzalez@mays.com,Premium,North,2024-10-20
CUST_022225,Victor,Johnson,victor.johnson@norris-collins.biz,Standard,Central,2022-09-17
CUST_024382,Alejandro,Jones,alejandro.jones@white.biz,Standard,East,2021-05-15
CUST_034856,Kristen,Preston,kristen.preston@davis.org,Budget,Central,2021-12-20
CUST_048578,Omar,Fernandez,omar.fernandez@taylor.com,Standard,Central,2023-09-04
CUST_038537,Michael,Adams,michael.adams@ford.com,Standard,South,2022-07-22
CUST_031756,Eric,Hardy,eric.hardy@greene.com,Budget,West,2022-10-14
CUST_007754,Brittney,Bush,brittney.bush@kane-miller.org,Standard,Central,2024-08-03
CUST_046639,Pamela,Perez,pamela.perez@fields.biz,Standard,Central,2024-06-28
CUST_043835,Jennifer,Armstrong,jennifer.armstrong@reid.com,Standard,North,2023-05-27
CUST_026236,Andrew,Walton,andrew.walton@moore-clark.com,Standard,North,2023-05-07
CUST_044230,Kristen,Johnson,kristen.johnson@king.info,Standard,South,2023-05-09
CUST_049597,Matthew,Lawson,matthew.lawson@massey-griffith.com,Standard,North,2022-10-24
CUST_018553,Kristi,Klein,kristi.klein@wilson.com,Budget,East,2022-09-17
CUST_043137,Nancy,Lyons,nancy.lyons@benjamin-richards.net,Standard,East,2022-02-18
CUST_036673,Shannon,Jackson,shannon.jackson@hart.com,Premium,North,2021-01-20
CUST_043650,Jennifer,Johnson,jennifer.johnson@johnson-cooper.com,Standard,East,2021-04-17
CUST_003941,Mariah,Hernandez,mariah.hernandez@kidd-robinson.com,Premium,Central,2024-03-24
CUST_031497,Kathryn,Hodges,kathryn.hodges@sullivan.com,Standard,East,2023-04-24
CUST_026594,Richard,Bridges,richard.bridges@cervantes.org,Budget,Central,2024-05-04
CUST_023922,Ellen,Reyes,ellen.reyes@ballard.com,Budget,South,2024-09-27
CUST_026403,Melissa,Mann,melissa.mann@johnson.org,Budget,Central,2022-05-15
CUST_045943,Adrian,Yates,adrian.yates@lopez-cameron.com,Standard,West,2021-02-25
CUST_048526,Christopher,Hampton,christopher.hampton@sullivan.com,Standard,West,2023-01-25
CUST_018316,Sean,Ballard,sean.ballard@buchanan.com,Standard,East,2021-04-24
CUST_036894,Travis,Anderson,travis.anderson@lozano.com,Standard,East,2022-09-07
CUST_026696,Karen,Zuniga,karen.zuniga@wade.info,Premium,West,2021-03-16
CUST_042128,Mary,Thomas,mary.thomas@weaver.com,Standard,Central,2022-02-26
CUST_014171,Amy,Moore,amy.moore@reyes.com,Standard,North,2022-11-06
CUST_003733,Patricia,Murray,patricia.murray@donovan.com,Standard,Central,2022-03-31
CUST_007882,Andrea,White,andrea.white@gonzalez-miller.com,Premium,South,2022-06-21
CUST_006017,Cynthia,Mercer,cynthia.mercer@vasquez-palmer.com,Budget,East,2021-01-12
CUST_023030,David,Wilson,david.wilson@bell.com,Standard,West,2024-08-22
CUST_035474,Pamela,Weiss,pamela.weiss@byrd-michael.com,Standard,Central,2021-03-18
CUST_049686,Nancy,Luna,nancy.luna@goodwin.com,Standard,South,2023-05-06
CUST_004818,Debra,Martinez,debra.martinez@gray-combs.info,Standard,North,2023-01-21
CUST_041694,Michael,Gould,michael.gould@larson.com,Budget,South,2022-12-16
CUST_012008,David,Williams,david.williams@frederick.biz,Standard,West,2021-07-23
CUST_041328,Melissa,Evans,melissa.evans@smith-coleman.com,Budget,South,2024-02-29
CUST_009507,Jason,Smith,jason.smith@nelson.net,Standard,North,2022-03-25
CUST_044799,Karen,Scott,karen.scott@dixon.com,Standard,Central,2024-08-01
CUST_034063,Deborah,Lynch,deborah.lynch@oconnor.net,Standard,West,2024-07-19
CUST_027475,Benjamin,Young,benjamin.young@greene.com,Budget,Central,2024-01-02
CUST_031144,Scott,Nichols,scott.nichols@bates.org,Standard,South,2021-02-20
CUST_021236,Sandra,Porter,sandra.porter@adams-hodges.com,Standard,West,2023-01-12
CUST_001391,Kimberly,Morales,kimberly.morales@clark-smith.org,Standard,North,2023-05-24
CUST_038250,Danielle,Fletcher,danielle.fletcher@barber.com,Standard,East,2024-07-14
CUST_037625,Frederick,Bush,frederick.bush@martinez-herrera.info,Budget,West,2024-07-24
CUST_042029,Jacob,Scott,jacob.scott@roberts.com,Standard,North,2023-02-28
CUST_020835,Cody,Gonzalez,cody.gonzalez@simmons.com,Standard,North,2024-02-27
CUST_014758,Michael,King,michael.king@vega-stewart.com,Standard,South,2022-04-28
CUST_026397,Jennifer,Hanson,jennifer.hanson@freeman-howell.com,Premium,South,2023-08-23
CUST_006809,Chad,Mercer,chad.mercer@brown.com,Standard,Central,2022-12-07
CUST_009226,Tiffany,Alvarado,tiffany.alvarado@stevens.com,Standard,South,2021-02-04
CUST_048395,Sherry,Brown,sherry.brown@baldwin.com,Standard,Central,2022-02-24
CUST_005396,Raymond,Williams,raymond.williams@pineda.org,Standard,East,2022-10-09
CUST_006944,Juan,Hunter,juan.hunter@mayer.com,Standard,Central,2022-03-28
CUST_023871,Maria,Greene,maria.greene@payne.com,Standard,Central,2024-04-13
CUST_032493,Michael,Shannon,michael.shannon@davis.com,Standard,East,2021-03-24
CUST_036346,Deborah,Baker,deborah.baker@wilkins-harmon.com,Budget,Central,2022-06-06
CUST_010756,Sarah,Davis,sarah.davis@foster.info,Standard,Central,2024-01-26
CUST_012302,Kenneth,Collins,kenneth.collins@medina.com,Premium,North,2023-01-10
CUST_048387,David,Dixon,david.dixon@ramos.com,Standard,Central,2023-03-22
CUST_042746,Robert,Carrillo,robert.carrillo@ellis.com,Premium,North,2022-07-14
CUST_029090,Joshua,Larson,joshua.larson@sanchez.com,Standard,South,2023-02-12
CUST_044713,Stephen,Ashley,stephen.ashley@pierce.net,Budget,East,2022-08-13
CUST_014344,Paul,Simmons,paul.simmons@rodriguez.info,Standard,North,2021-12-26
CUST_038173,Eugene,Jackson,eugene.jackson@carpenter-miller.com,Standard,Central,2021-11-25
CUST_005072,John,Boyer,john.boyer@mcfarland.net,Budget,Central,2023-08-02
CUST_024122,Kathleen,Fleming,kathleen.fleming@travis.com,Standard,North,2023-05-19
CUST_048810,Susan,Brooks,susan.brooks@hall.com,Budget,North,2022-07-10
CUST_017821,Teresa,Brown,teresa.brown@ramirez.biz,Budget,Central,2024-04-11
CUST_001123,Zachary,Lee,zachary.lee@gibson-thomas.biz,Standard,East,2022-05-25
CUST_011265,Amy,Mcdaniel,amy.mcdaniel@jones-webster.com,Premium,Central,2021-06-15
CUST_030580,Benjamin,Prince,benjamin.prince@mosley-jackson.com,Budget,South,2022-03-07
CUST_045465,Elijah,Thomas,elijah.thomas@mccarty.com,Standard,West,2022-06-11
CUST_048217,Tracy,Lee,tracy.lee@mcgee-porter.org,Standard,West,2024-01-23
CUST_043045,Lauren,Lawrence,lauren.lawrence@carter-donovan.com,Premium,South,2023-06-01
CUST_015657,Roberto,Clark,roberto.clark@porter.com,Standard,North,2024-02-06
CUST_001901,Monica,Ingram,monica.ingram@alvarado-barnett.com,Budget,East,2024-06-07
CUST_000148,Lauren,Lawson,lauren.lawson@robinson-lee.com,Budget,North,2024-04-20
CUST_029643,Mark,Smith,mark.smith@zimmerman.info,Standard,West,2022-09-30
CUST_003212,Keith,Hood,keith.hood@ray-hall.com,Premium,South,2021-06-27
CUST_043851,Matthew,Bates,matthew.bates@rivers-stevens.info,Standard,East,2022-12-09
CUST_002355,Allison,Zamora,allison.zamora@rodgers.com,Standard,East,2024-07-20
CUST_031521,Stephanie,Gregory,stephanie.gregory@howell.biz,Standard,East,2022-09-21
CUST_042584,Frances,Weeks,frances.weeks@rivera.org,Budget,West,2023-06-25
CUST_043338,Richard,Grant,richard.grant@kennedy.biz,Budget,West,2021-02-07
CUST_045285,Sarah,Brown,sarah.brown@moore.com,Standard,East,2023-07-19
CUST_046957,David,Anderson,david.anderson@shelton.net,Standard,South,2024-03-05
CUST_048791,Andrew,Bishop,andrew.bishop@adkins.org,Premium,West,2022-06-28
CUST_036586,Tina,Taylor,tina.taylor@carter.net,Budget,North,2023-01-05
CUST_010466,Natasha,Garcia,natasha.garcia@evans-murphy.com,Premium,North,2023-06-10
CUST_007822,Cindy,Ellis,cindy.ellis@diaz-garcia.net,Budget,East,2022-02-25
CUST_007206,David,Bennett,david.bennett@sparks.com,Standard,West,2022-05-05
CUST_006414,Destiny,Peterson,destiny.peterson@benson-murray.biz,Standard,West,2022-09-02
CUST_034047,April,Bell,april.bell@hunter-walsh.biz,Standard,South,2022-11-14
CUST_012729,Amanda,Hobbs,amanda.hobbs@haney-waller.info,Standard,Central,2022-04-18
CUST_006926,Michael,Hicks,michael.hicks@reed.com,Budget,South,2023-06-06
CUST_027996,Richard,Brock,richard.brock@marshall-roberts.net,Standard,Central,2023-01-24
CUST_037613,Sara,Hunt,sara.hunt@myers.com,Standard,South,2023-02-07
CUST_039484,John,Rodgers,john.rodgers@contreras-mitchell.info,Standard,South,2022-08-13
CUST_003017,Sarah,Fletcher,sarah.fletcher@davis.net,Standard,North,2024-07-17
CUST_001641,Rhonda,Johnson,rhonda.johnson@lewis.net,Standard,North,2021-08-22
CUST_008884,Gina,Shepard,gina.shepard@reid-martinez.com,Standard,East,2024-02-07
CUST_037602,Mary,Wagner,mary.wagner@phillips-grant.com,Standard,Central,2023-07-24
CUST_012970,Eric,Donaldson,eric.donaldson@hunt-brown.com,Standard,South,2022-12-18
CUST_023464,Lori,Aguilar,lori.aguilar@morris.com,Standard,Central,2023-05-30
CUST_015758,Anna,Russell,anna.russell@hawkins-gregory.biz,Standard,North,2023-03-18
CUST_044077,Eric,Montoya,eric.montoya@green.com,Budget,West,2022-02-28
CUST_004087,Ronald,Luna,ronald.luna@mcmahon.info,Standard,North,2022-06-17
CUST_000509,Debbie,Lopez,debbie.lopez@mcintyre.info,Budget,East,2023-07-29
CUST_006355,Barbara,Parker,barbara.parker@gutierrez.com,Standard,South,2024-07-16
CUST_029645,Tiffany,Sanchez,tiffany.sanchez@wood.com,Standard,West,2023-10-20
CUST_020816,Benjamin,Mann,benjamin.mann@sanders.com,Standard,South,2023-11-23
CUST_006235,Melissa,Hobbs,melissa.hobbs@holmes.com,Standard,West,2022-06-09
CUST_031990,Kimberly,Turner,kimberly.turner@wagner.org,Standard,Central,2023-11-04
CUST_012996,Veronica,Martin,veronica.martin@cole-rivers.org,Budget,South,2022-04-20
CUST_042502,Michael,Jordan,michael.jordan@george.biz,Standard,North,2022-07-22
CUST_038921,Nancy,Thompson,nancy.thompson@warren-morse.org,Standard,North,2022-10-15
CUST_000263,Shawn,Barker,shawn.barker@gonzales.info,Budget,South,2022-04-08
CUST_007892,Isaiah,Fischer,isaiah.fischer@lewis.com,Premium,North,2021-09-20
CUST_010528,Allison,Hall,allison.hall@brooks-lyons.com,Standard,North,2021-11-02
CUST_018601,Brittany,Merritt,brittany.merritt@mack.com,Standard,North,2021-02-02
CUST_024115,Christopher,Roberts,christopher.roberts@price.com,Premium,Central,2024-06-01
CUST_033499,Sarah,Howard,sarah.howard@morrow-davis.com,Standard,West,2023-04-29
CUST_013472,Megan,Mercado,megan.mercado@kirk.com,Standard,West,2021-01-01
CUST_031726,Jose,Rivers,jose.rivers@stewart.com,Standard,Central,2022-08-18
CUST_023691,Steven,Murphy,steven.murphy@hinton.net,Premium,North,2024-11-10
CUST_010558,Matthew,Welch,matthew.welch@valdez.com,Premium,Central,2022-02-04
CUST_006557,Betty,Henson,betty.henson@reynolds.com,Budget,South,2024-09-30
CUST_045578,Cody,Osborne,cody.osborne@miller.com,Budget,East,2022-01-23
CUST_041504,Kevin,Davis,kevin.davis@brown-price.com,Standard,Central,2022-01-27
CUST_027873,Susan,Serrano,susan.serrano@hodges.com,Standard,South,2023-08-22
CUST_010811,Rebecca,Dominguez,rebecca.dominguez@baldwin-hurst.net,Standard,West,2023-08-22
CUST_038215,Stephanie,Rodriguez,stephanie.rodriguez@chen.com,Budget,West,2024-07-13
CUST_011731,William,Browning,william.browning@little.com,Standard,East,2022-11-04
CUST_027439,Tracy,Gibson,tracy.gibson@murphy.com,Standard,North,2021-05-09
CUST_021780,Joshua,Ramirez,joshua.ramirez@hernandez-wilkerson.com,Standard,South,2023-08-31
CUST_034080,Randy,Hill,randy.hill@sullivan-olson.com,Budget,West,2021-10-16
CUST_022916,Monica,Schmidt,monica.schmidt@bryant-anderson.com,Standard,East,2021-01-02
CUST_008086,Andrea,Gonzales,andrea.gonzales@noble.net,Standard,East,2022-01-01
CUST_043468,Heather,Cabrera,heather.cabrera@kirk.com,Premium,East,2021-10-28
CUST_014710,Nicholas,Mathis,nicholas.mathis@marsh-cook.com,Budget,East,2021-07-03
CUST_015467,James,Watson,james.watson@webb-cook.com,Budget,Central,2023-06-18
CUST_037173,Deborah,Payne,deborah.payne@stewart.com,Premium,North,2022-12-29
CUST_028749,Christopher,Farley,christopher.farley@perry.com,Standard,West,2024-03-14
CUST_003105,John,Rodriguez,john.rodriguez@smith.org,Premium,East,2022-12-06
CUST_000709,Tristan,Peterson,tristan.peterson@floyd-jimenez.com,Budget,North,2021-01-23
CUST_038386,Seth,Robinson,seth.robinson@mosley.com,Premium,North,2022-10-31
CUST_023445,Glenn,Fleming,glenn.fleming@wagner.com,Budget,Central,2021-02-25
CUST_026511,Angela,Smith,angela.smith@taylor.com,Premium,West,2021-10-02
CUST_008467,Justin,Chandler,justin.chandler@rubio-hall.com,Budget,North,2021-12-11
CUST_006231,Sara,Sherman,sara.sherman@lawson-butler.com,Standard,East,2024-05-22
CUST_046359,Brandi,Reynolds,brandi.reynolds@hall.org,Standard,West,2024-11-24
CUST_039358,Joseph,Morse,joseph.morse@west-chambers.info,Budget,East,2023-10-01
CUST_016387,Karl,Williams,karl.williams@williams.com,Premium,Central,2024-06-29
CUST_034166,Antonio,Cummings,antonio.cummings@smith.com,Standard,East,2023-09-17
CUST_004169,Robert,Webb,robert.webb@fields.com,Budget,Central,2023-01-21
CUST_005804,Emma,Foster,emma.foster@garcia.biz,Standard,West,2023-06-05
CUST_012754,Joshua,Cain,joshua.cain@shaw.com,Standard,South,2023-06-04
CUST_002190,Christopher,Williams,christopher.williams@logan.com,Standard,East,2024-09-16
CUST_012188,Amber,Morton,amber.morton@hunt.info,Standard,East,2024-11-02
CUST_031728,Kristina,Stephenson,kristina.stephenson@rosales.info,Budget,East,2021-07-19
CUST_019246,John,Mckee,john.mckee@neal.com,Premium,West,2021-05-20
CUST_037867,Joshua,Savage,joshua.savage@bruce.com,Standard,South,2024-03-24
CUST_043515,Ralph,Frank,ralph.frank@boyd.com,Budget,West,2024-10-18
CUST_008719,Daniel,Rodriguez,daniel.rodriguez@smith.org,Standard,Central,2023-04-13
CUST_028825,Jennifer,Ware,jennifer.ware@barber.com,Premium,South,2023-03-16
CUST_024469,Cynthia,Wilkerson,cynthia.wilkerson@best.info,Budget,Central,2022-12-26
CUST_048253,Lisa,Tucker,lisa.tucker@west.biz,Premium,East,2023-10-08
CUST_007202,Elizabeth,Martinez,elizabeth.martinez@wright-meadows.com,Standard,East,2022-02-28
CUST_009283,Anne,Thompson,anne.thompson@jefferson.com,Standard,West,2024-08-11
CUST_026821,Edward,Leonard,edward.leonard@navarro.org,Budget,East,2021-04-20
CUST_027374,Kevin,Leon,kevin.leon@thompson-sullivan.com,Premium,West,2024-05-19
CUST_022493,Janet,Martin,janet.martin@orr.com,Standard,Central,2021-12-13
CUST_045638,Lisa,Steele,lisa.steele@hamilton.com,Standard,Central,2022-06-09
CUST_045880,Rebecca,Carter,rebecca.carter@fletcher.net,Standard,West,2023-11-18
CUST_029340,Alex,Charles,alex.charles@browning.net,Premium,Central,2021-09-21
CUST_046548,Austin,Scott,austin.scott@austin.com,Standard,Central,2021-07-11
CUST_010804,Wanda,Thompson,wanda.thompson@george.biz,Budget,Central,2022-03-07
CUST_020965,Regina,Ross,regina.ross@price.com,Standard,Central,2022-11-01
CUST_030033,Nicole,Evans,nicole.evans@hoffman.com,Standard,East,2023-05-20
CUST_005223,Brian,Clark,brian.clark@doyle.com,Budget,South,2023-03-06
CUST_000660,Aaron,Moore,aaron.moore@chan-gomez.biz,Standard,Central,2023-10-15
CUST_033246,Edward,Banks,edward.banks@johnson.com,Budget,East,2023-05-17
CUST_005866,Erin,Davis,erin.davis@wolfe.biz,Standard,Central,2021-10-12
CUST_048872,Lucas,Calhoun,lucas.calhoun@anderson-peterson.com,Standard,Central,2024-10-30
CUST_022986,Thomas,Carter,thomas.carter@olson-wells.net,Standard,South,2024-03-22
CUST_028881,Robert,Knox,robert.knox@brock.org,Standard,West,2022-09-01
CUST_047088,Mark,Edwards,mark.edwards@james.org,Standard,East,2024-04-19
CUST_026528,Marcus,Kirby,marcus.kirby@hall.com,Standard,South,2021-10-12
CUST_009648,Amy,Jacobs,amy.jacobs@figueroa-miller.com,Standard,South,2023-08-18
CUST_049546,Michael,Chavez,michael.chavez@robinson.biz,Standard,East,2024-10-15
CUST_032375,Timothy,Thomas,timothy.thomas@blanchard-wells.com,Standard,East,2021-02-19
CUST_026159,Gary,Bell,gary.bell@lee-turner.info,Standard,South,2023-05-12
CUST_011712,Yesenia,Waters,yesenia.waters@smith.com,Budget,Central,2022-05-23
CUST_027239,Jessica,Lynch,jessica.lynch@liu.com,Standard,West,2023-02-22
CUST_018354,Craig,Macias,craig.macias@hill.biz,Premium,West,2021-10-04
CUST_049515,Danielle,Horne,danielle.horne@carter.com,Standard,West,2023-12-29
CUST_021725,Timothy,Hays,timothy.hays@chase.com,Premium,West,2022-11-25
CUST_025925,Angela,Lambert,angela.lambert@oliver.com,Budget,Central,2022-01-22
CUST_041390,Christina,Christian,christina.christian@bird.com,Standard,East,2022-01-03
CUST_004773,Traci,Young,traci.young@cabrera.com,Budget,North,2021-03-10
CUST_035205,Evan,Sharp,evan.sharp@stephens.biz,Standard,North,2021-12-26
CUST_027879,Jennifer,Young,jennifer.young@mcgrath.biz,Premium,South,2024-09-04
CUST_005875,Beverly,Stephens,beverly.stephens@murray-terry.com,Budget,North,2022-05-08
CUST_017805,James,Powell,james.powell@lester.com,Standard,North,2022-07-02
CUST_034224,Jennifer,Landry,jennifer.landry@bell.com,Standard,West,2023-05-13
CUST_007842,Catherine,Clark,catherine.clark@herrera-lopez.com,Budget,East,2024-03-29
CUST_015923,Angel,Harris,angel.harris@gould.com,Budget,West,2022-07-15
CUST_028367,Leslie,Bush,leslie.bush@mathews.com,Standard,East,2021-09-23
CUST_012084,Jillian,Williams,jillian.williams@carlson.com,Standard,North,2021-08-25
CUST_020034,Melanie,Carney,melanie.carney@day.biz,Budget,West,2022-02-27
CUST_014488,Samuel,Lopez,samuel.lopez@chandler-moore.org,Standard,South,2021-10-12
CUST_020819,Cynthia,Hudson,cynthia.hudson@butler-gardner.com,Standard,East,2024-02-06
CUST_037518,Stephen,Compton,stephen.compton@allen-adams.biz,Premium,South,2024-05-10
CUST_044236,William,Carter,william.carter@conley.biz,Standard,Central,2021-01-28
CUST_048651,Karen,Banks,karen.banks@smith.com,Standard,North,2023-03-30
CUST_036236,Alicia,Ortiz,alicia.ortiz@porter.biz,Budget,South,2021-04-22
CUST_021070,Corey,Morris,corey.morris@smith.com,Premium,West,2023-01-18
CUST_009524,Wesley,Cline,wesley.cline@miller-kelly.com,Standard,South,2024-06-30
CUST_032756,Donald,Copeland,donald.copeland@thomas.biz,Budget,North,2021-12-26
CUST_012054,Dustin,Wolf,dustin.wolf@rodriguez-ramirez.info,Budget,Central,2021-11-18
CUST_023594,Laura,Patterson,laura.patterson@brown.com,Standard,East,2023-04-07
CUST_008038,Jose,Russell,jose.russell@schmidt.com,Standard,Central,2021-11-22
CUST_046977,Annette,Parker,annette.parker@nelson.org,Standard,South,2021-08-13
CUST_016400,Sharon,Drake,sharon.drake@weber.net,Standard,South,2022-06-03
CUST_045786,Anne,Reese,anne.reese@pollard.com,Budget,South,2022-01-06
CUST_034616,Jesus,Wilkerson,jesus.wilkerson@taylor.biz,Budget,Central,2022-10-01
CUST_007625,Douglas,Robertson,douglas.robertson@robinson-hooper.com,Premium,South,2023-04-18
CUST_013662,Jeremy,Casey,jeremy.casey@vasquez-manning.com,Budget,Central,2021-10-29
CUST_037737,Monica,Ramirez,monica.ramirez@martinez-salas.net,Standard,North,2024-09-14
CUST_026542,Tony,Martin,tony.martin@white-lucero.net,Standard,West,2022-12-01
CUST_013268,Johnny,Wall,johnny.wall@ingram.com,Standard,North,2021-06-20
CUST_018083,Haley,Nielsen,haley.nielsen@hernandez-rosario.com,Budget,Central,2022-05-20
CUST_048086,James,Phillips,james.phillips@hall-shaw.com,Premium,South,2021-05-09
CUST_042768,Jackie,Smith,jackie.smith@smith.com,Budget,East,2021-09-29
CUST_004071,Mark,Myers,mark.myers@green.com,Budget,North,2023-02-24
CUST_016287,Melissa,Campbell,melissa.campbell@james.com,Premium,North,2023-05-29
CUST_001119,Courtney,Gomez,courtney.gomez@sherman.info,Standard,South,2022-02-08
CUST_010075,Barry,Williams,barry.williams@bradford.com,Standard,East,2022-12-21
CUST_011374,Maria,Crane,maria.crane@guerra.biz,Standard,East,2023-01-09
CUST_032685,Daniel,Blanchard,daniel.blanchard@gallagher.com,Standard,East,2021-11-23
CUST_046434,Nicole,Cordova,nicole.cordova@torres-ramirez.com,Premium,West,2024-10-07
CUST_025350,Linda,Campbell,linda.campbell@dillon.com,Budget,South,2021-07-01
CUST_006716,Carrie,Reynolds,carrie.reynolds@welch-chapman.net,Standard,North,2023-05-22
CUST_034568,Kaitlyn,Johnson,kaitlyn.johnson@ramirez.com,Standard,South,2023-05-21
CUST_001031,Susan,Pennington,susan.pennington@turner-mayer.com,Standard,West,2024-11-14
CUST_022754,John,Rodriguez,john.rodriguez@woods.com,Budget,North,2023-10-03
CUST_011762,John,Gordon,john.gordon@ramos.com,Budget,West,2024-03-18
CUST_035897,Christopher,Gardner,christopher.gardner@williams-fuentes.biz,Budget,West,2021-03-18
CUST_014493,Michael,Peterson,michael.peterson@collins.biz,Standard,Central,2024-09-20
CUST_025086,Christian,Wallace,christian.wallace@davenport-martin.org,Premium,East,2022-03-08
CUST_020396,Michael,Wilson,michael.wilson@brooks.com,Standard,West,2021-11-10
CUST_004814,April,Aguilar,april.aguilar@taylor.biz,Standard,East,2024-10-14
CUST_008995,Kenneth,Turner,kenneth.turner@barker.biz,Standard,South,2023-05-24
CUST_049692,Timothy,Newton,timothy.newton@oneill.com,Standard,West,2024-05-26
CUST_021375,Allison,Welch,allison.welch@moore.com,Standard,West,2022-09-23
CUST_030243,Bailey,Estes,bailey.estes@ayers.biz,Budget,North,2022-08-14
CUST_047579,Melissa,Moore,melissa.moore@kramer.com,Standard,North,2024-07-13
CUST_001165,Faith,Cunningham,faith.cunningham@chapman.com,Premium,West,2023-11-11
CUST_024811,Edward,Burke,edward.burke@fleming-clark.com,Budget,North,2024-10-12
CUST_021110,Tammy,Thomas,tammy.thomas@williams-gilbert.info,Budget,South,2022-01-14
CUST_003698,Brenda,Rodriguez,brenda.rodriguez@day.com,Standard,North,2023-11-10
CUST_011439,Michael,Kaiser,michael.kaiser@bennett-johns.info,Budget,South,2022-11-16
CUST_004470,Bethany,Gillespie,bethany.gillespie@mccall.com,Standard,West,2022-06-14
CUST_009808,Brandon,Jones,brandon.jones@ryan.com,Standard,West,2022-10-24
CUST_047768,Randall,Williamson,randall.williamson@baker.com,Standard,Central,2022-11-07
CUST_006749,Jason,Taylor,jason.taylor@garcia.com,Budget,South,2022-10-22
CUST_049185,Sandra,Savage,sandra.savage@cochran.com,Standard,East,2022-08-19
CUST_017379,Allison,Patterson,allison.patterson@rodriguez.com,Standard,East,2023-01-04
CUST_036885,Kyle,Gonzalez,kyle.gonzalez@conley-wright.com,Premium,East,2021-11-01
CUST_013357,Daniel,Wallace,daniel.wallace@davis-hernandez.com,Standard,South,2023-09-11
CUST_032405,John,Willis,john.willis@ford-flores.com,Budget,South,2021-11-20
CUST_042455,Amanda,Nichols,amanda.nichols@jordan-russell.com,Standard,Central,2024-08-09
CUST_046066,John,Calderon,john.calderon@brown.com,Budget,East,2024-03-03
CUST_011539,Robert,Garcia,robert.garcia@bennett.org,Premium,Central,2023-12-27
CUST_002009,Kathryn,Russell,kathryn.russell@parker.net,Budget,North,2024-09-01
CUST_003222,Cheyenne,Hatfield,cheyenne.hatfield@rodriguez-munoz.org,Premium,West,2024-02-06
CUST_044997,Brandon,Miles,brandon.miles@hernandez.com,Standard,West,2022-05-19
CUST_018763,Bethany,Mcclure,bethany.mcclure@thomas.net,Standard,Central,2021-05-05
CUST_014166,Nicole,Miller,nicole.miller@jimenez.info,Budget,West,2021-04-08
CUST_040684,Kathryn,West,kathryn.west@casey.com,Budget,East,2022-03-06
CUST_025081,Ronald,Cook,ronald.cook@butler-gomez.org,Standard,North,2021-08-05
CUST_001823,Kevin,Silva,kevin.silva@diaz-romero.net,Standard,Central,2023-06-26
CUST_044662,Michelle,Freeman,michelle.freeman@allen.com,Budget,North,2022-08-10
CUST_006849,Adam,Meyers,adam.meyers@lyons.biz,Standard,West,2022-12-09
CUST_012636,Steven,Kerr,steven.kerr@hampton.org,Standard,South,2024-11-29
CUST_037669,Oscar,Shaw,oscar.shaw@walker-gutierrez.org,Premium,East,2021-01-25
CUST_006096,Randall,Powers,randall.powers@freeman.org,Budget,South,2021-12-14
CUST_039249,Susan,Bauer,susan.bauer@duarte-perez.net,Standard,Central,2021-04-20
CUST_010578,Susan,Gomez,susan.gomez@howell.net,Standard,East,2022-05-08
CUST_031075,Benjamin,Brown,benjamin.brown@schultz.com,Premium,West,2021-12-16
CUST_029113,Barbara,Smith,barbara.smith@barnes.net,Standard,East,2022-07-02
CUST_010193,Oscar,Rogers,oscar.rogers@montes.net,Standard,East,2021-08-31
CUST_000315,Desiree,Bailey,desiree.bailey@haney.net,Budget,West,2021-07-26
CUST_011450,Mary,Vasquez,mary.vasquez@wagner.com,Standard,North,2024-05-24
CUST_030746,Jeremy,Green,jeremy.green@martinez-larson.com,Budget,West,2023-10-25
CUST_029703,John,Wolf,john.wolf@aguilar-oliver.com,Standard,West,2021-01-26
CUST_027659,David,Villarreal,david.villarreal@smith-lowe.org,Standard,South,2023-02-05
CUST_023686,Carmen,Tucker,carmen.tucker@hernandez-lawrence.com,Standard,East,2023-09-23
CUST_028376,Elizabeth,Santiago,elizabeth.santiago@mcdonald-simon.com,Premium,Central,2023-08-02
CUST_003086,Douglas,White,douglas.white@nelson.com,Standard,North,2021-01-24
CUST_049372,April,Turner,april.turner@price-mullins.biz,Standard,Central,2023-12-13
CUST_003752,Gloria,Bass,gloria.bass@boyd.com,Premium,East,2021-04-28
CUST_005049,Kim,Allen,kim.allen@jones.com,Budget,West,2023-12-07
CUST_029187,Lisa,Hanson,lisa.hanson@johns.org,Standard,North,2023-11-30
CUST_030709,Michelle,Humphrey,michelle.humphrey@bowman.org,Standard,East,2023-01-05
CUST_020147,Joshua,Johnson,joshua.johnson@beck-williams.org,Budget,North,2022-03-24
CUST_032250,Kevin,Thompson,kevin.thompson@sheppard.com,Standard,East,2024-02-18
CUST_004970,Sean,Hanson,sean.hanson@bennett.com,Premium,Central,2022-11-01
CUST_030526,Jennifer,Bishop,jennifer.bishop@robinson-davidson.com,Premium,South,2023-12-03
CUST_018495,Jose,Patterson,jose.patterson@morris-fletcher.com,Budget,East,2024-10-11
CUST_038065,Derrick,Hayes,derrick.hayes@spears.com,Budget,East,2022-11-01
CUST_041837,Roy,Miller,roy.miller@campbell-edwards.com,Budget,East,2022-06-01
CUST_032753,Cheryl,Taylor,cheryl.taylor@miranda.biz,Premium,East,2023-06-15
CUST_020074,Michael,Contreras,michael.contreras@pratt.org,Premium,West,2024-03-13
CUST_026274,Kathleen,Warren,kathleen.warren@fernandez.com,Budget,South,2023-06-13
CUST_013650,April,Guerrero,april.guerrero@martin.com,Standard,Central,2022-12-24
CUST_025534,Deborah,Parker,deborah.parker@ferrell-wilson.org,Standard,East,2023-11-18
CUST_017522,Sandra,Steele,sandra.steele@obrien.biz,Standard,South,2024-02-13
CUST_025481,Cassandra,Scott,cassandra.scott@mcmillan-harris.com,Budget,East,2023-11-20
CUST_048235,Wesley,Spencer,wesley.spencer@warren.com,Budget,Central,2022-08-16
CUST_048788,James,Matthews,james.matthews@mullins.org,Budget,South,2021-10-03
CUST_032390,Tanya,Foster,tanya.foster@thomas-allen.biz,Budget,West,2021-09-29
CUST_005087,Luis,Bailey,luis.bailey@buckley.info,Standard,West,2023-09-23
CUST_017253,James,Elliott,james.elliott@jacobs.com,Premium,East,2023-12-27
CUST_004040,Amanda,Little,amanda.little@wilson.org,Budget,East,2024-04-20
CUST_018387,James,Tapia,james.tapia@thompson.net,Budget,Central,2022-08-19
CUST_004247,Marcus,Martinez,marcus.martinez@kirby-pham.info,Standard,West,2024-11-21
CUST_018628,Heather,Spence,heather.spence@garcia.com,Standard,East,2022-09-20
CUST_000880,Dawn,Gaines,dawn.gaines@green.com,Standard,East,2023-08-12
CUST_023299,Scott,Bishop,scott.bishop@mitchell.info,Standard,West,2023-10-02
CUST_029753,Katie,Pennington,katie.pennington@flores.com,Standard,Central,2022-03-26
CUST_030173,Michelle,Le,michelle.le@ortega-ray.com,Standard,West,2021-02-13
CUST_028560,Eric,Santiago,eric.santiago@wilson-williams.com,Budget,West,2024-03-21
CUST_018864,Veronica,Li,veronica.li@terry.com,Standard,South,2022-07-22
CUST_043344,Chris,Robinson,chris.robinson@clark.com,Standard,West,2022-08-25
CUST_034211,William,Miller,william.miller@gibson.com,Budget,Central,2023-02-24
CUST_026084,Stephanie,Murphy,stephanie.murphy@mendoza.info,Standard,North,2023-02-15
CUST_001942,Nancy,Alexander,nancy.alexander@thomas.com,Premium,North,2022-01-17
CUST_022226,Marcus,Nelson,marcus.nelson@francis-beard.net,Standard,East,2024-04-16
CUST_044692,Jacob,Clarke,jacob.clarke@carey.com,Standard,Central,2021-11-30
CUST_043240,Alexandra,Faulkner,alexandra.faulkner@jones-armstrong.info,Budget,Central,2021-03-11
CUST_023860,Elizabeth,Armstrong,elizabeth.armstrong@moss-rogers.info,Premium,North,2021-10-07
CUST_014159,Paul,Johnson,paul.johnson@gates-boyer.com,Standard,East,2021-08-16
CUST_033876,Rodney,Macdonald,rodney.macdonald@larson-jordan.com,Standard,West,2024-07-26
CUST_048105,Carly,Johnson,carly.johnson@frank.com,Standard,East,2024-03-21
CUST_023450,William,Jennings,william.jennings@king-lynch.net,Standard,North,2023-06-24
CUST_006624,Charles,Sanders,charles.sanders@cummings.info,Premium,South,2024-11-19
CUST_038265,Stacy,Meyer,stacy.meyer@chandler.biz,Standard,South,2024-02-06
CUST_026242,William,Ramos,william.ramos@medina.org,Standard,South,2022-04-13
CUST_047592,Jeremy,Castaneda,jeremy.castaneda@padilla.com,Premium,Central,2022-02-03
CUST_024156,Danielle,Robinson,danielle.robinson@rodriguez.net,Budget,Central,2022-10-13
CUST_032059,Alan,Carter,alan.carter@smith-rich.org,Standard,South,2023-02-05
CUST_009332,Ashley,Martin,ashley.martin@duke-hunt.com,Budget,East,2021-12-20
CUST_043565,Wendy,Wheeler,wendy.wheeler@banks.com,Standard,North,2022-05-10
CUST_003494,John,Smith,john.smith@silva-burton.net,Standard,West,2023-06-10
CUST_004879,Kim,Forbes,kim.forbes@choi.net,Standard,Central,2021-12-08
CUST_047063,Heather,Jones,heather.jones@rogers.org,Standard,West,2021-11-02
CUST_000999,Tara,Jensen,tara.jensen@miranda-mitchell.com,Budget,South,2023-07-08
CUST_037087,Tina,Love,tina.love@preston.info,Premium,West,2024-11-02
CUST_036438,Randy,Spencer,randy.spencer@rice.com,Budget,North,2022-01-31
CUST_034750,Ronald,Sosa,ronald.sosa@woodard-bryan.com,Standard,East,2023-11-08
CUST_028617,Catherine,Wright,catherine.wright@brooks-warner.com,Standard,Central,2024-05-07
CUST_037096,James,Curtis,james.curtis@ross.org,Premium,South,2024-05-03
CUST_022811,Noah,Huffman,noah.huffman@black-johnson.com,Budget,West,2023-12-03
CUST_007143,Amy,Holland,amy.holland@price.com,Standard,South,2021-12-10
CUST_021559,Elizabeth,Mora,elizabeth.mora@trevino.com,Standard,East,2024-06-20
CUST_009936,Tanya,Gonzalez,tanya.gonzalez@rodriguez.com,Premium,North,2021-12-27
CUST_004789,Brett,Braun,brett.braun@woods.com,Standard,North,2023-11-01
CUST_030511,Cynthia,Jones,cynthia.jones@smith.com,Standard,West,2024-10-14
CUST_031190,Jessica,Patterson,jessica.patterson@webb-howe.com,Budget,West,2022-08-29
CUST_020084,Anthony,Miller,anthony.miller@simmons.com,Standard,West,2024-06-18
CUST_010824,Brittany,Walton,brittany.walton@norman.net,Budget,Central,2022-07-13
CUST_000673,Adam,Vincent,adam.vincent@charles.org,Standard,South,2023-08-12
CUST_015595,Latoya,Brown,latoya.brown@kelly.com,Premium,East,2023-05-03
CUST_043049,Susan,Good,susan.good@castro.net,Standard,North,2023-07-26
CUST_021912,Shannon,Singh,shannon.singh@adams.com,Standard,North,2023-01-15
CUST_011869,Daniel,Murphy,daniel.murphy@carlson-huff.com,Budget,East,2022-06-14
CUST_034691,Nicole,Goodwin,nicole.goodwin@richardson-lane.com,Standard,Central,2022-03-27
CUST_011322,Amy,Green,amy.green@vasquez.com,Premium,South,2023-11-07
CUST_044212,Sean,Hardy,sean.hardy@glenn-waters.net,Standard,South,2021-08-04
CUST_024615,Bridget,Jones,bridget.jones@schmidt-huff.com,Standard,South,2023-01-04
CUST_012006,Christopher,Cunningham,christopher.cunningham@chang.com,Budget,North,2024-03-07
CUST_003940,Jeffrey,Neal,jeffrey.neal@frazier.net,Standard,West,2023-02-22
CUST_004614,Crystal,Hubbard,crystal.hubbard@ford-johnson.net,Standard,South,2023-01-06
CUST_036760,Julia,Bartlett,julia.bartlett@huber-fuentes.com,Standard,South,2023-11-08
CUST_031459,Kelly,Phillips,kelly.phillips@cook.com,Standard,East,2021-12-29
CUST_044953,Brenda,Williams,brenda.williams@harmon.com,Premium,South,2021-07-13
CUST_004348,Julie,Sparks,julie.sparks@chavez-phillips.net,Standard,North,2023-06-09
CUST_039328,Luis,Wilson,luis.wilson@jacobs.com,Standard,North,2022-09-06
CUST_049923,Brittney,Barnett,brittney.barnett@wu.com,Standard,South,2021-01-16
CUST_022394,William,Martinez,william.martinez@salazar.com,Standard,North,2021-04-12
CUST_003157,Joshua,Mays,joshua.mays@evans.com,Standard,South,2024-06-08
CUST_029918,Madison,Phillips,madison.phillips@andrews-miller.info,Standard,East,2023-05-30
CUST_037224,Dean,Thomas,dean.thomas@lambert-christian.biz,Standard,North,2024-05-22
CUST_013479,Bruce,Johnston,bruce.johnston@johnson.com,Standard,East,2021-01-12
CUST_013872,Joseph,Mack,joseph.mack@morrow.com,Premium,Central,2024-10-19
CUST_038556,Alan,Rollins,alan.rollins@bradley-anderson.info,Budget,North,2023-10-29
CUST_025330,Adrian,Cooley,adrian.cooley@gonzalez.com,Standard,North,2022-08-20
CUST_044685,Latasha,Johnston,latasha.johnston@lee.com,Premium,West,2022-06-03
CUST_000986,Douglas,Morales,douglas.morales@madden.com,Standard,North,2021-07-05
CUST_037140,Carolyn,Weaver,carolyn.weaver@reeves.com,Budget,East,2023-12-11
CUST_035034,Cynthia,Coleman,cynthia.coleman@welch-martinez.com,Budget,Central,2022-06-13
CUST_023731,Anthony,Taylor,anthony.taylor@ward.biz,Standard,Central,2023-10-25
CUST_007531,Jerry,Wolfe,jerry.wolfe@butler-camacho.biz,Premium,West,2022-11-03
CUST_044395,Jonathan,Luna,jonathan.luna@garcia.com,Standard,North,2024-11-29
CUST_032949,Sarah,Rodriguez,sarah.rodriguez@smith-lewis.net,Budget,Central,2024-02-07
CUST_030878,Kayla,Brown,kayla.brown@miller.com,Standard,North,2022-10-05
CUST_029931,Bill,Thompson,bill.thompson@brown.com,Budget,North,2022-12-14
CUST_023416,Corey,Silva,corey.silva@galloway.org,Premium,Central,2021-01-17
CUST_006060,Susan,Zimmerman,susan.zimmerman@huff.info,Standard,West,2022-04-16
CUST_023680,Eddie,Allen,eddie.allen@bradshaw.com,Budget,South,2023-10-22
CUST_015941,Thomas,Osborne,thomas.osborne@kelley-wilson.com,Standard,South,2021-11-29
CUST_006949,Mary,Carter,mary.carter@thompson.com,Standard,South,2024-02-12
CUST_030096,David,Howard,david.howard@brown.com,Standard,South,2021-12-10
CUST_041340,Erik,Snow,erik.snow@kirk-shaw.com,Premium,Central,2023-06-22
CUST_049599,Lisa,Rodriguez,lisa.rodriguez@smith-lopez.info,Budget,East,2022-01-30
CUST_033184,Paul,Wilkinson,paul.wilkinson@jones-morales.com,Standard,East,2021-02-18
CUST_016581,Michele,Ramirez,michele.ramirez@olson.org,Budget,Central,2021-07-28
CUST_001389,Bruce,Compton,bruce.compton@yang.info,Standard,East,2023-05-30
CUST_021351,Elizabeth,Reed,elizabeth.reed@chan-mills.com,Premium,West,2022-03-01
CUST_049751,Anna,Ortega,anna.ortega@reid-barber.com,Premium,North,2022-03-28
CUST_034432,William,Thomas,william.thomas@torres-payne.org,Standard,East,2021-03-31
CUST_024455,Thomas,Alexander,thomas.alexander@davis.com,Standard,North,2022-10-17
CUST_040360,Joshua,Pollard,joshua.pollard@kennedy-ashley.org,Standard,East,2022-06-07
CUST_018578,Timothy,Maldonado,timothy.maldonado@myers.com,Premium,East,2023-06-18
CUST_033452,William,Mcgee,william.mcgee@greene.com,Standard,West,2021-09-19
CUST_047853,Jessica,Mcgee,jessica.mcgee@graves.net,Premium,South,2021-05-25
CUST_000005,Jason,Gallagher,jason.gallagher@davis.com,Standard,Central,2021-08-30
CUST_029183,Yolanda,Fisher,yolanda.fisher@white-chavez.biz,Standard,North,2021-06-29
CUST_008231,Deborah,Solis,deborah.solis@saunders-gonzalez.com,Standard,South,2021-01-07
CUST_005947,Shelly,Smith,shelly.smith@miller-brown.info,Premium,East,2022-03-24
CUST_007823,Kimberly,Palmer,kimberly.palmer@lambert.com,Standard,Central,2024-08-07
CUST_019487,William,Ferguson,william.ferguson@marsh-contreras.com,Standard,South,2022-08-11
CUST_015385,James,Bartlett,james.bartlett@payne-olson.com,Premium,North,2024-01-28
CUST_041100,Travis,Roberson,travis.roberson@jordan.com,Budget,North,2023-09-01
CUST_018184,Anna,Lee,anna.lee@johnson.com,Standard,West,2022-08-29
CUST_027162,Tiffany,Valdez,tiffany.valdez@barnett-lyons.com,Budget,North,2023-12-13
CUST_011646,Jason,Irwin,jason.irwin@jones.com,Budget,West,2024-06-01
CUST_024391,Joseph,Smith,joseph.smith@walls.com,Standard,East,2024-06-08
CUST_004851,Ryan,Gilbert,ryan.gilbert@davis.com,Standard,West,2023-08-25
CUST_047436,Michael,Bailey,michael.bailey@black.com,Standard,South,2022-08-18
CUST_042207,Jose,Garcia,jose.garcia@conway.info,Standard,East,2023-05-22
CUST_045341,Brandon,Everett,brandon.everett@mckee.com,Budget,North,2022-10-08
CUST_028170,Catherine,Rivera,catherine.rivera@barber.biz,Budget,North,2024-10-17
CUST_003420,Jason,Mercado,jason.mercado@gill-sanders.biz,Budget,West,2023-04-03
CUST_042591,Brandon,Jones,brandon.jones@hodge.info,Standard,South,2023-07-17
CUST_038735,Debbie,Palmer,debbie.palmer@abbott-mason.org,Standard,South,2024-05-05
CUST_036720,Emma,Nguyen,emma.nguyen@shaw-jackson.biz,Budget,North,2023-06-11
CUST_029498,Brandon,Martinez,brandon.martinez@murray-anderson.com,Standard,Central,2021-12-20
CUST_004363,Timothy,Andrews,timothy.andrews@larson-lamb.com,Standard,North,2023-10-13
CUST_004029,Jacob,Henderson,jacob.henderson@wyatt-stewart.info,Standard,West,2023-12-31
CUST_003427,Brian,Rose,brian.rose@brown.com,Standard,East,2022-10-20
CUST_020269,Maria,Booth,maria.booth@contreras.net,Standard,West,2021-07-14
CUST_020058,Stephanie,Chapman,stephanie.chapman@wilson.biz,Budget,East,2022-12-12
CUST_011479,Michael,Potter,michael.potter@miller.org,Budget,Central,2023-04-13
CUST_047945,Rebecca,Bailey,rebecca.bailey@jenkins-moore.org,Standard,Central,2023-06-15
CUST_029393,Rebecca,Gallagher,rebecca.gallagher@clark.net,Standard,North,2024-04-06
CUST_029047,Robert,Morales,robert.morales@clayton.org,Standard,South,2022-02-04
CUST_008565,Crystal,Jones,crystal.jones@reid.com,Standard,South,2021-01-03
CUST_039507,Daniel,Higgins,daniel.higgins@nunez-giles.com,Standard,Central,2023-10-02
CUST_049805,Alexandra,Robinson,alexandra.robinson@lopez.com,Budget,Central,2023-10-18
CUST_025450,Heather,Huerta,heather.huerta@morton-weber.com,Standard,West,2021-04-05
CUST_034922,William,Mclaughlin,william.mclaughlin@luna.com,Standard,East,2021-01-16
CUST_030478,Erin,James,erin.james@griffin.com,Standard,East,2022-03-30
CUST_013520,Brandon,Williams,brandon.williams@stanley-hernandez.com,Standard,North,2023-10-12
CUST_034008,Christopher,Graham,christopher.graham@floyd.com,Budget,South,2021-07-22
CUST_021316,Tammy,Leon,tammy.leon@maldonado.com,Standard,South,2024-04-01
CUST_042425,David,Bowman,david.bowman@martinez.net,Standard,East,2021-02-09
CUST_048901,Joshua,Alvarez,joshua.alvarez@white.com,Budget,South,2022-08-09
CUST_047633,Donald,Smith,donald.smith@curtis-jones.com,Standard,Central,2023-09-14
CUST_049789,Dylan,Carr,dylan.carr@gutierrez-ingram.info,Standard,North,2022-07-10
CUST_044232,Stephanie,Carlson,stephanie.carlson@jenkins-harvey.com,Budget,Central,2021-06-28
CUST_010724,Cynthia,Brewer,cynthia.brewer@ramirez.info,Budget,East,2023-09-15
CUST_013155,Wanda,Adams,wanda.adams@wallace.info,Budget,West,2021-12-30
CUST_013763,Jason,Taylor,jason.taylor@newman-henry.com,Budget,Central,2021-09-18
CUST_042812,Ricky,Patton,ricky.patton@johnson.com,Standard,East,2024-01-23
CUST_030804,Alison,Hill,alison.hill@schmidt-hanson.com,Standard,West,2023-05-03
CUST_036261,Beverly,Cooper,beverly.cooper@vaughan.info,Budget,Central,2024-09-06
CUST_021437,Ryan,Greene,ryan.greene@forbes.com,Budget,Central,2023-01-30
CUST_025971,Taylor,Daniel,taylor.daniel@snyder.com,Budget,North,2023-08-15
CUST_032204,Natalie,Ross,natalie.ross@williams.com,Standard,Central,2023-10-10
CUST_007181,Kurt,Hall,kurt.hall@petersen.com,Premium,North,2022-03-06
CUST_041281,Susan,Marshall,susan.marshall@walker.com,Budget,South,2021-11-23
CUST_028087,Laura,Patterson,laura.patterson@singh.com,Budget,North,2021-01-13
CUST_013702,Christopher,Mcclure,christopher.mcclure@carlson.com,Standard,East,2022-05-14
CUST_001004,Benjamin,Barrett,benjamin.barrett@bradley-valenzuela.com,Standard,Central,2022-05-22
CUST_009059,Samuel,Sloan,samuel.sloan@hinton.biz,Budget,South,2024-02-06
CUST_044235,David,Smith,david.smith@alexander.com,Budget,West,2023-09-03
CUST_025675,Eddie,Montes,eddie.montes@sheppard.com,Standard,West,2021-04-18
CUST_045056,Hannah,Jones,hannah.jones@sanford-lowe.info,Premium,South,2022-03-31
CUST_035144,Jon,Phillips,jon.phillips@bright-hunter.com,Standard,Central,2024-09-05
CUST_038163,Kevin,James,kevin.james@wolfe-wright.net,Budget,East,2021-12-30
CUST_022477,Danielle,Macias,danielle.macias@lyons.com,Budget,West,2021-06-21
CUST_023007,Tanya,Decker,tanya.decker@farrell-scott.org,Standard,East,2023-02-06
CUST_045344,Alexander,Robertson,alexander.robertson@sanchez-kennedy.com,Standard,Central,2024-04-12
CUST_036128,Phillip,Le,phillip.le@gonzalez.com,Standard,West,2021-01-21
CUST_049710,Debra,Johnson,debra.johnson@brown.com,Premium,North,2022-11-04
CUST_013099,Zachary,Davis,zachary.davis@solis.com,Standard,South,2023-03-10
CUST_037196,Christopher,Oneal,christopher.oneal@torres.info,Budget,North,2023-05-08
CUST_004108,Ashley,Rodriguez,ashley.rodriguez@hernandez.biz,Standard,Central,2023-08-28
CUST_041336,Thomas,White,thomas.white@tran-howard.com,Standard,Central,2022-11-15
CUST_025223,Angela,Hoffman,angela.hoffman@johnson-hartman.biz,Standard,West,2024-05-21
CUST_035840,Brian,Burke,brian.burke@davis.info,Standard,North,2021-07-10
CUST_029719,Timothy,Hamilton,timothy.hamilton@morgan-crawford.biz,Standard,East,2021-11-08
CUST_046953,Mario,Dyer,mario.dyer@thompson.com,Budget,South,2024-11-19
CUST_029828,Julie,Golden,julie.golden@banks.com,Premium,Central,2022-02-20
CUST_017543,Kyle,Parker,kyle.parker@kline.com,Premium,West,2024-07-11
CUST_024916,Jason,Blanchard,jason.blanchard@walker.com,Budget,East,2022-09-15
CUST_004514,Christopher,Stein,christopher.stein@porter.net,Standard,South,2022-11-06
CUST_019937,Margaret,Greene,margaret.greene@thomas.com,Premium,South,2024-11-24
CUST_046525,James,Bridges,james.bridges@estrada-williams.com,Budget,Central,2024-03-13
CUST_024511,Jessica,Hoffman,jessica.hoffman@hughes-rodriguez.biz,Budget,West,2023-09-28
CUST_027442,Calvin,Graham,calvin.graham@flynn.info,Budget,North,2022-04-10
CUST_012002,William,Richardson,william.richardson@cain.com,Premium,South,2022-09-10
CUST_023354,Tyler,Brady,tyler.brady@bennett-gonzalez.com,Standard,Central,2021-03-19
CUST_027293,Daniel,Cervantes,daniel.cervantes@sheppard-gomez.biz,Standard,Central,2021-08-07
CUST_034204,Cody,Glover,cody.glover@cruz.com,Standard,Central,2022-05-27
CUST_012148,Jonathan,Wallace,jonathan.wallace@ellis-cole.biz,Premium,West,2021-11-13
CUST_015292,Tammy,Wise,tammy.wise@adams-smith.com,Standard,West,2022-01-21
CUST_046880,Timothy,Leon,timothy.leon@manning.org,Premium,Central,2023-09-30
CUST_008691,Curtis,Richard,curtis.richard@monroe.com,Standard,Central,2022-12-31
CUST_012654,Michael,Mcpherson,michael.mcpherson@wiley.org,Standard,South,2021-04-09
CUST_031470,Olivia,Stewart,olivia.stewart@wood-miller.com,Standard,South,2022-03-08
CUST_002955,Cory,Fernandez,cory.fernandez@simon.info,Budget,North,2021-08-25
CUST_003004,Beverly,Park,beverly.park@stevens.org,Premium,Central,2022-07-08
CUST_015814,Kylie,Rodriguez,kylie.rodriguez@stevens.com,Standard,North,2024-10-08
CUST_006657,Nicholas,Chapman,nicholas.chapman@duncan-blanchard.com,Premium,Central,2021-08-03
CUST_012774,Sierra,Soto,sierra.soto@brown-white.com,Premium,South,2021-09-05
CUST_039531,Adrienne,Ford,adrienne.ford@davies.com,Budget,North,2023-07-31
CUST_034408,Steve,Anderson,steve.anderson@moore.org,Standard,West,2022-10-03
CUST_008837,Jason,Evans,jason.evans@mills-shaffer.com,Budget,East,2022-12-20
CUST_014618,Michelle,Peterson,michelle.peterson@wilson-griffin.com,Standard,South,2023-12-20
CUST_022836,Michelle,Ryan,michelle.ryan@evans.com,Budget,East,2022-03-26
CUST_015981,John,Owens,john.owens@travis-delacruz.com,Budget,South,2021-07-05
CUST_037916,Bryan,Williams,bryan.williams@edwards-galvan.biz,Standard,North,2022-06-22
CUST_001571,William,Love,william.love@harris.info,Standard,South,2023-11-14
CUST_035908,Chad,Guerrero,chad.guerrero@carrillo.com,Standard,North,2021-11-02
CUST_026090,Keith,Murphy,keith.murphy@berry.com,Standard,South,2021-01-20
CUST_020914,Stephanie,Moore,stephanie.moore@flores.com,Standard,North,2021-12-10
CUST_009958,Ryan,Smith,ryan.smith@smith.com,Standard,Central,2021-08-24
CUST_018276,Jon,Cummings,jon.cummings@banks.biz,Budget,East,2023-03-31
CUST_015432,Charles,Lane,charles.lane@wolf.biz,Standard,North,2024-09-05
CUST_023494,Jessica,Thompson,jessica.thompson@calhoun.com,Standard,North,2021-06-19
CUST_015790,Melissa,Cook,melissa.cook@yoder-trevino.org,Budget,East,2024-10-12
CUST_035780,Tracy,Ramos,tracy.ramos@doyle.info,Standard,North,2021-02-08
CUST_011981,Daniel,Glenn,daniel.glenn@maxwell.com,Standard,North,2022-12-02
CUST_044906,Bridget,Williams,bridget.williams@morrison-hansen.org,Standard,North,2023-02-15
CUST_035763,Jonathan,Aguilar,jonathan.aguilar@bennett.info,Standard,East,2021-11-21
CUST_027093,Megan,Harding,megan.harding@perkins-calderon.net,Standard,West,2024-06-23
CUST_046835,Andrea,Silva,andrea.silva@saunders.com,Standard,West,2023-01-04
CUST_033438,Jeremiah,Garcia,jeremiah.garcia@hall.com,Standard,Central,2024-04-09
CUST_047381,Kyle,Graham,kyle.graham@davis-gonzalez.com,Budget,East,2021-05-20
CUST_001591,Manuel,Hale,manuel.hale@anderson-walsh.net,Budget,West,2021-09-28
CUST_026756,Jacqueline,Wood,jacqueline.wood@webb-porter.com,Budget,Central,2023-08-12
CUST_021759,James,Ball,james.ball@smith.com,Standard,East,2021-06-17
CUST_003002,Kathy,Fowler,kathy.fowler@barton-evans.net,Standard,East,2021-12-24
CUST_044112,Shannon,Skinner,shannon.skinner@smith-diaz.com,Standard,North,2021-04-01
CUST_043520,Kimberly,Miller,kimberly.miller@harrison.biz,Standard,South,2024-02-16
CUST_000629,Jeffery,Freeman,jeffery.freeman@baker.com,Standard,South,2021-03-04
CUST_020737,Robert,Johnson,robert.johnson@serrano.com,Budget,South,2021-11-10
CUST_011903,Carlos,White,carlos.white@nelson.com,Standard,East,2023-12-10
CUST_006367,Doris,Phillips,doris.phillips@pope.com,Standard,West,2021-11-24
CUST_017133,Kyle,Flynn,kyle.flynn@myers-juarez.org,Standard,South,2022-06-16
CUST_009479,Michael,Garcia,michael.garcia@santana.com,Standard,West,2021-01-17
CUST_041871,Sarah,Watson,sarah.watson@huff.com,Standard,East,2021-02-18
CUST_012933,Shelley,Shah,shelley.shah@ferrell.com,Standard,East,2023-05-24
CUST_013642,Douglas,Gonzalez,douglas.gonzalez@ochoa.net,Premium,West,2021-02-03
CUST_019627,David,Nguyen,david.nguyen@ferguson.com,Budget,Central,2024-05-30
CUST_009952,Grace,Martinez,grace.martinez@howe.com,Premium,West,2024-09-17
CUST_028963,Patricia,Watson,patricia.watson@brown-byrd.com,Standard,West,2021-01-06
CUST_028446,Matthew,Marshall,matthew.marshall@thompson.com,Premium,West,2024-04-12
CUST_019699,Michelle,Howard,michelle.howard@chan.info,Standard,West,2021-01-01
CUST_044224,Mark,Pearson,mark.pearson@turner-conway.com,Budget,East,2022-12-01
CUST_002997,Dawn,Dennis,dawn.dennis@reed.net,Standard,West,2023-04-13
CUST_013638,Marilyn,Hamilton,marilyn.hamilton@brown.org,Standard,East,2022-01-08
CUST_022471,Mary,Black,mary.black@martin.net,Standard,South,2023-12-30
CUST_036087,Sierra,Hill,sierra.hill@austin.com,Budget,East,2024-04-12
CUST_028918,Craig,Sullivan,craig.sullivan@hanson.com,Standard,East,2022-08-12
CUST_017650,Angelica,Murray,angelica.murray@george.com,Budget,East,2023-08-27
CUST_027956,Brandy,Ibarra,brandy.ibarra@alvarado-russell.com,Standard,Central,2022-10-28
CUST_002855,Shannon,Collins,shannon.collins@barnes.biz,Standard,East,2023-07-11
CUST_013390,Brittney,Kim,brittney.kim@arroyo.com,Standard,South,2024-08-03
CUST_013049,Frederick,Stevens,frederick.stevens@barnes-simmons.com,Standard,West,2022-08-15
CUST_022333,Rebecca,Robinson,rebecca.robinson@wallace.com,Premium,West,2022-12-22
CUST_030578,Michael,Wyatt,michael.wyatt@terry.com,Standard,Central,2023-06-15
CUST_034735,Mark,Chapman,mark.chapman@jenkins.com,Budget,Central,2021-01-09
CUST_019539,Lisa,Jackson,lisa.jackson@myers.com,Standard,South,2024-07-29
CUST_039587,Nicole,Jordan,nicole.jordan@lucas-nelson.info,Standard,Central,2023-11-05
CUST_005573,Jillian,Henry,jillian.henry@myers-simon.com,Standard,North,2023-09-24
CUST_047751,Keith,Jenkins,keith.jenkins@prince.org,Standard,Central,2024-10-28
CUST_030964,Malik,Woodard,malik.woodard@camacho.com,Standard,South,2021-04-06
CUST_035496,Lisa,Hart,lisa.hart@west.com,Standard,North,2024-03-07
CUST_020263,Lisa,Price,lisa.price@vargas-brooks.com,Standard,East,2024-04-16
CUST_044660,Terri,Lynn,terri.lynn@walker.net,Budget,Central,2024-03-26
CUST_021746,Angela,Avila,angela.avila@goodwin.com,Premium,West,2024-11-14
CUST_047249,Kathleen,Mayer,kathleen.mayer@levine.biz,Standard,Central,2021-06-15
CUST_036228,Brenda,Shelton,brenda.shelton@mitchell.com,Premium,North,2023-06-23
CUST_028787,Stephanie,Patterson,stephanie.patterson@torres.biz,Budget,East,2023-07-20
CUST_035620,Kevin,Jensen,kevin.jensen@owen.org,Standard,South,2023-10-22
CUST_046000,Julia,Stephens,julia.stephens@moore.com,Standard,East,2021-07-17
CUST_049513,Jasmin,Castillo,jasmin.castillo@case.com,Budget,North,2023-09-13
CUST_044515,Mario,Wilson,mario.wilson@lyons.com,Standard,South,2022-08-02
CUST_028684,Kevin,Baker,kevin.baker@tyler-mejia.com,Standard,West,2023-10-13
CUST_031549,Lindsey,Scott,lindsey.scott@klein.com,Premium,Central,2023-08-30
CUST_031965,Jeffery,Allen,jeffery.allen@peterson-burns.net,Standard,Central,2022-06-18
CUST_009434,Mark,Parks,mark.parks@long-smith.biz,Standard,West,2023-04-23
CUST_022374,Megan,Fuller,megan.fuller@booker-love.com,Standard,Central,2023-05-14
CUST_021623,Keith,Horton,keith.horton@gutierrez.org,Budget,Central,2024-09-30
CUST_012452,April,Duffy,april.duffy@walsh-charles.com,Budget,East,2024-05-14
CUST_011800,Daniel,Brooks,daniel.brooks@mcdonald.com,Budget,West,2023-05-24
CUST_031389,Garrett,Edwards,garrett.edwards@lopez-allen.net,Budget,East,2021-07-01
CUST_020769,James,Wallace,james.wallace@yoder-miller.com,Standard,West,2023-08-15
CUST_004829,Todd,Walker,todd.walker@meadows.info,Budget,South,2024-05-12
CUST_014590,Raymond,Oconnell,raymond.oconnell@hale.com,Standard,South,2024-02-04
CUST_001508,Lisa,Jordan,lisa.jordan@howard.com,Budget,Central,2021-10-07
CUST_018613,Stacey,Donaldson,stacey.donaldson@franklin.biz,Standard,North,2022-08-22
CUST_019303,Wendy,Roman,wendy.roman@myers.info,Budget,West,2022-07-12
CUST_038310,Travis,Lee,travis.lee@graves.com,Premium,East,2023-07-22
CUST_001739,Samantha,White,samantha.white@lopez.com,Standard,East,2021-06-30
CUST_035876,Marissa,Kemp,marissa.kemp@stewart-serrano.org,Standard,North,2021-07-07
CUST_047068,Lauren,White,lauren.white@hutchinson.com,Standard,West,2021-08-03
CUST_005115,Karen,Robinson,karen.robinson@ali.org,Premium,North,2021-01-11
CUST_024907,Jack,Campbell,jack.campbell@jackson-williams.com,Premium,West,2022-12-26
CUST_007636,Jonathan,Bradford,jonathan.bradford@huffman.net,Standard,East,2022-12-07
CUST_014399,Gabriel,Fritz,gabriel.fritz@ferrell.com,Standard,East,2023-06-10
CUST_036171,Brian,Davis,brian.davis@nelson.com,Standard,South,2023-09-09
CUST_009184,Dakota,Ho,dakota.ho@chapman.net,Standard,Central,2023-08-18
CUST_036797,Heather,Andrews,heather.andrews@brooks.com,Standard,East,2022-01-09
CUST_037623,Michele,Bailey,michele.bailey@hernandez.com,Standard,West,2024-10-29
CUST_001656,Robert,Cole,robert.cole@roberts-woods.com,Budget,East,2024-11-15
CUST_004327,Mark,Powell,mark.powell@martin.com,Standard,South,2024-04-23
CUST_027378,Joel,Anderson,joel.anderson@jackson.com,Standard,East,2024-08-03
CUST_019045,Phillip,Duncan,phillip.duncan@harris.com,Premium,East,2021-02-15
CUST_044329,Janet,Lowery,janet.lowery@berg.com,Standard,Central,2024-07-22
CUST_009662,Jeremy,Lewis,jeremy.lewis@rodriguez-black.com,Premium,South,2022-10-22
CUST_015915,Kimberly,Hardy,kimberly.hardy@bradley.com,Budget,East,2021-01-11
CUST_025467,Craig,Silva,craig.silva@ruiz.com,Premium,West,2021-06-29
CUST_013611,Jennifer,Andrews,jennifer.andrews@jones.com,Standard,Central,2023-08-23
CUST_011671,Monica,Conner,monica.conner@duran-reyes.com,Standard,East,2021-06-24
CUST_001220,Michelle,Baird,michelle.baird@fry.net,Standard,North,2023-06-11
CUST_038864,Joy,Randall,joy.randall@hall.org,Standard,Central,2021-08-03
CUST_012558,Maria,Curtis,maria.curtis@sanders-ramirez.net,Standard,Central,2023-05-04
CUST_039144,Philip,Walton,philip.walton@conrad.org,Standard,East,2021-11-04
CUST_035509,Joshua,Wright,joshua.wright@rollins.info,Budget,South,2021-04-18
CUST_011853,Susan,Petty,susan.petty@jenkins.org,Budget,West,2022-10-22
CUST_013239,Gabrielle,King,gabrielle.king@miller.com,Premium,West,2024-04-12
CUST_029951,Lisa,Hardin,lisa.hardin@carney.net,Budget,West,2023-12-09
CUST_027985,Yolanda,Price,yolanda.price@alexander-bowen.com,Budget,South,2021-04-22
CUST_022091,Debra,Hawkins,debra.hawkins@hernandez-wright.com,Standard,South,2023-04-26
CUST_048990,Melissa,Raymond,melissa.raymond@walker-cook.com,Standard,West,2024-11-02
CUST_040640,Denise,Ward,denise.ward@thomas-newton.com,Standard,East,2023-12-15
CUST_028912,Brett,Clark,brett.clark@martin-espinoza.com,Standard,Central,2023-10-16
CUST_008571,Jason,Dennis,jason.dennis@robinson.org,Standard,South,2023-02-13
CUST_038432,Amanda,Warner,amanda.warner@robinson.com,Standard,East,2022-04-01
CUST_040526,Roy,Morris,roy.morris@gonzales-hood.org,Standard,West,2023-04-02
CUST_035550,Toni,Malone,toni.malone@barker-graves.net,Standard,North,2024-07-27
CUST_029488,Ebony,Chapman,ebony.chapman@ryan-guerra.org,Premium,West,2021-05-25
CUST_026038,Austin,Thompson,austin.thompson@moreno.com,Premium,West,2023-09-25
CUST_019371,Monica,Lee,monica.lee@henderson-ford.com,Standard,Central,2021-03-20
CUST_044735,Brianna,Meyer,brianna.meyer@johnson-nelson.net,Premium,North,2024-07-02
CUST_006916,Jeffrey,Boyd,jeffrey.boyd@gonzalez.com,Budget,Central,2024-08-19
CUST_014999,Cassandra,Nguyen,cassandra.nguyen@nelson.biz,Standard,Central,2022-05-02
CUST_016751,Natalie,Cummings,natalie.cummings@murphy.com,Standard,West,2024-04-05
CUST_029960,Donald,Cannon,donald.cannon@bradshaw.org,Premium,North,2021-05-31
CUST_028857,Joshua,Mathews,joshua.mathews@graves-allen.net,Budget,South,2022-07-09
CUST_038912,Brad,Smith,brad.smith@middleton-taylor.com,Standard,Central,2024-11-13
CUST_005844,Kristina,Davis,kristina.davis@thompson-montoya.biz,Budget,Central,2021-02-06
CUST_015770,Kyle,Brown,kyle.brown@rodriguez.biz,Budget,West,2024-03-16
CUST_027099,Diamond,Vega,diamond.vega@salas.com,Budget,South,2021-02-20
CUST_034727,Melanie,Williams,melanie.williams@hernandez.com,Standard,Central,2022-10-07
CUST_020931,Jason,Bates,jason.bates@faulkner-kane.com,Budget,East,2024-01-08
CUST_012314,Jared,Franklin,jared.franklin@preston.net,Standard,Central,2023-03-31
CUST_008294,Jessica,Williams,jessica.williams@carroll.info,Premium,West,2022-10-17
CUST_049409,Michael,Robles,michael.robles@harris.info,Standard,Central,2024-01-25
CUST_022320,Mary,Collins,mary.collins@curtis-house.com,Standard,South,2024-09-13
CUST_020487,Michael,Wilson,michael.wilson@williams-young.com,Standard,East,2024-07-24
CUST_022611,Christina,Harris,christina.harris@herman.net,Premium,East,2023-02-24
CUST_012466,Amy,Gilbert,amy.gilbert@jones.com,Standard,Central,2024-10-13
CUST_041513,Diana,Ayala,diana.ayala@dyer.com,Standard,South,2024-10-06
CUST_048610,Gregory,Baker,gregory.baker@weber.com,Standard,North,2021-09-17
CUST_017673,Melissa,Garrett,melissa.garrett@jones.com,Standard,Central,2024-08-12
CUST_008566,Donald,Hardin,donald.hardin@johnson.net,Budget,Central,2021-04-14
CUST_042906,Denise,Williams,denise.williams@callahan.com,Standard,Central,2021-10-29
CUST_033295,Brandon,Reilly,brandon.reilly@schroeder-collins.com,Standard,South,2022-12-29
CUST_012929,Shirley,Barajas,shirley.barajas@tran.com,Standard,Central,2022-05-19
CUST_008384,Adam,Hunt,adam.hunt@ford.com,Premium,South,2022-02-09
CUST_026547,Christina,Gibson,christina.gibson@browning.com,Premium,East,2021-11-20
CUST_021161,Henry,Smith,henry.smith@vargas-chapman.com,Standard,North,2022-06-09
CUST_025332,Kristen,Black,kristen.black@wu.net,Standard,West,2023-02-08
CUST_000417,Alyssa,Smith,alyssa.smith@martin.com,Standard,East,2021-04-17
CUST_038314,Laura,Good,laura.good@mendoza.com,Premium,East,2023-04-15
CUST_040759,Danielle,Mccoy,danielle.mccoy@wood.com,Budget,West,2022-12-04
CUST_001407,John,Miller,john.miller@mays.com,Standard,South,2021-07-25
CUST_027989,Jeffrey,Newman,jeffrey.newman@murray.net,Standard,Central,2021-08-02
CUST_020658,Jose,Smith,jose.smith@williams.com,Standard,North,2023-04-13
CUST_046982,Christina,Wilson,christina.wilson@day-rodriguez.net,Standard,West,2022-10-23
CUST_029902,Samantha,Watkins,samantha.watkins@charles-brown.biz,Standard,West,2023-09-26
CUST_032870,Christina,Brown,christina.brown@walsh.com,Standard,West,2022-04-27
CUST_021614,Dwayne,Green,dwayne.green@bennett.com,Standard,North,2024-05-26
CUST_018693,Daniel,Beard,daniel.beard@miller-carroll.biz,Budget,East,2023-06-21
CUST_014463,Monique,Knight,monique.knight@davis.com,Standard,Central,2024-09-26
CUST_013530,Logan,Meyers,logan.meyers@gibbs.biz,Budget,East,2021-09-13
CUST_029805,Michelle,Lewis,michelle.lewis@bean.com,Budget,West,2022-04-09
CUST_001445,Jason,Maldonado,jason.maldonado@mack.net,Budget,West,2024-10-05
CUST_018219,Anna,Cohen,anna.cohen@holmes-oconnell.net,Budget,Central,2021-03-06
CUST_045064,Jennifer,Williams,jennifer.williams@shepherd.com,Standard,North,2022-12-22
CUST_030647,Manuel,Cardenas,manuel.cardenas@smith.com,Standard,West,2024-08-28
CUST_049168,Craig,Williams,craig.williams@gutierrez.net,Standard,North,2023-12-19
CUST_039990,Angela,Riley,angela.riley@williams.com,Premium,East,2022-07-30
CUST_044756,Christopher,Middleton,christopher.middleton@lindsey-wilson.com,Standard,East,2024-06-10
CUST_048346,Steven,Nixon,steven.nixon@sanchez.info,Standard,South,2022-06-16
CUST_042970,Rose,Dean,rose.dean@doyle-carlson.com,Premium,North,2023-12-12
CUST_020420,Michael,Spencer,michael.spencer@liu-holmes.com,Budget,Central,2023-05-20
CUST_010897,Marilyn,Sparks,marilyn.sparks@carr.com,Standard,South,2024-03-28
CUST_045621,Scott,Booth,scott.booth@white-greene.info,Budget,North,2023-08-15
CUST_036350,Katelyn,Jones,katelyn.jones@todd.com,Standard,North,2021-01-07
CUST_019313,Lisa,Levine,lisa.levine@hull.com,Standard,West,2024-11-09
CUST_005583,Jeremy,Curtis,jeremy.curtis@torres.com,Premium,North,2022-09-03
CUST_006683,Stephanie,Reilly,stephanie.reilly@bryant.com,Budget,Central,2024-10-18
CUST_030680,David,Evans,david.evans@barnett.com,Budget,North,2023-08-01
CUST_028389,Jillian,Frost,jillian.frost@flores.com,Standard,Central,2023-09-28
CUST_006848,Christy,Bailey,christy.bailey@baker.com,Budget,East,2022-11-22
CUST_015982,David,Durham,david.durham@freeman.net,Budget,South,2024-11-27
CUST_033676,Maurice,Hawkins,maurice.hawkins@walker.com,Standard,North,2023-04-08
CUST_047504,Adam,Fuentes,adam.fuentes@higgins.net,Standard,East,2022-04-25
CUST_007566,Sherri,Daniels,sherri.daniels@frost.com,Budget,North,2023-05-14
CUST_020729,Jeffery,Carrillo,jeffery.carrillo@pierce.com,Standard,East,2024-11-26
CUST_007412,Brittany,Smith,brittany.smith@lopez.com,Standard,South,2023-08-25
CUST_025355,Stephanie,Davis,stephanie.davis@bush-li.com,Standard,East,2023-06-19
CUST_047739,Christina,Lopez,christina.lopez@strickland.com,Standard,East,2023-09-24
CUST_009759,David,Hughes,david.hughes@kline.com,Standard,Central,2023-08-28
CUST_009768,Kevin,Frank,kevin.frank@kennedy.com,Standard,West,2022-05-12
CUST_007134,Joseph,Garcia,joseph.garcia@alvarado.org,Standard,South,2021-05-02
CUST_028594,Heidi,Garcia,heidi.garcia@cannon.com,Budget,West,2023-06-19
CUST_041210,Randy,Weber,randy.weber@thomas-cook.info,Standard,Central,2023-06-02
CUST_023112,David,Wade,david.wade@thomas.info,Standard,East,2023-06-03
CUST_044347,Thomas,Rocha,thomas.rocha@peterson.com,Standard,East,2023-06-09
CUST_022810,Austin,Ibarra,austin.ibarra@hanson-long.net,Budget,North,2023-09-09
CUST_020508,Andrea,Burns,andrea.burns@williams.com,Premium,West,2023-11-12
CUST_045706,Adam,Hernandez,adam.hernandez@blankenship-holmes.org,Budget,East,2022-06-20
CUST_021762,James,West,james.west@smith.com,Standard,West,2021-01-06
CUST_021496,Jasmine,Ortega,jasmine.ortega@bowman.org,Budget,East,2023-04-12
CUST_011505,Daniel,Reyes,daniel.reyes@brown-mcguire.biz,Standard,Central,2024-09-02
CUST_032457,Sarah,Martinez,sarah.martinez@roberts.biz,Standard,South,2022-04-12
CUST_044210,James,French,james.french@smith.com,Budget,Central,2024-03-21
CUST_043813,Thomas,Smith,thomas.smith@fry-turner.com,Budget,East,2022-05-11
CUST_018265,Glenn,Carpenter,glenn.carpenter@cole.com,Standard,Central,2022-01-29
CUST_041115,Megan,Christian,megan.christian@galvan.com,Budget,West,2021-09-22
CUST_020035,Ashley,Vazquez,ashley.vazquez@miller-jones.net,Standard,Central,2021-08-05
CUST_010076,Lauren,Hall,lauren.hall@sloan.info,Standard,East,2024-08-03
CUST_037297,Henry,Todd,henry.todd@lewis-hernandez.com,Standard,South,2021-01-04
CUST_014277,Peter,Bradley,peter.bradley@smith-hansen.com,Budget,Central,2023-07-19
CUST_035781,Michele,Cole,michele.cole@klein.com,Standard,North,2023-06-16
CUST_016871,Vanessa,Thornton,vanessa.thornton@jackson.org,Premium,East,2024-03-25
CUST_004230,William,Ruiz,william.ruiz@nguyen.com,Budget,North,2023-05-15
CUST_049030,Sheri,Douglas,sheri.douglas@browning.info,Standard,West,2024-01-09
CUST_000168,Mario,Thompson,mario.thompson@martinez.net,Standard,South,2023-07-04
CUST_014447,Terri,Nichols,terri.nichols@booker-johnson.com,Standard,East,2024-06-03
CUST_036717,Derek,Anderson,derek.anderson@walton.info,Budget,North,2022-12-11
CUST_036165,Martin,Lawrence,martin.lawrence@sparks.com,Standard,Central,2024-02-19
CUST_014474,Suzanne,Stewart,suzanne.stewart@baker-thornton.org,Standard,South,2021-09-20
CUST_044427,Annette,Wolfe,annette.wolfe@thomas.com,Standard,North,2023-10-21
CUST_046117,Charles,Stafford,charles.stafford@simmons.info,Premium,North,2022-11-27
CUST_030626,Carolyn,Hart,carolyn.hart@james.com,Standard,Central,2023-07-08
CUST_009961,Jason,Holmes,jason.holmes@keller.org,Standard,South,2022-07-22
CUST_038723,Anthony,Leach,anthony.leach@howell.org,Standard,South,2021-01-02
CUST_028345,Amy,Robertson,amy.robertson@hill.net,Premium,East,2023-10-06
CUST_016438,Steven,Zuniga,steven.zuniga@rubio.com,Premium,North,2022-04-11
CUST_008854,Randall,George,randall.george@sullivan-scott.net,Standard,Central,2024-04-17
CUST_017364,Monique,Davis,monique.davis@morris.biz,Premium,South,2023-12-02
CUST_004581,Steven,Gray,steven.gray@bowen.com,Standard,South,2023-04-03
CUST_047304,Sarah,Barrett,sarah.barrett@jenkins.net,Budget,East,2021-04-14
CUST_044680,Allison,Ramirez,allison.ramirez@harmon.com,Standard,North,2022-06-11
CUST_015193,April,Davis,april.davis@patrick.net,Budget,East,2023-05-26
CUST_031448,Paige,Zuniga,paige.zuniga@ortiz-doyle.com,Budget,Central,2021-07-28
CUST_005526,Jessica,Sutton,jessica.sutton@johnson.biz,Budget,Central,2021-03-16
CUST_039228,Daniel,Curry,daniel.curry@butler-johnson.com,Budget,West,2023-11-14
CUST_003468,Jacqueline,Torres,jacqueline.torres@evans-serrano.com,Standard,South,2023-04-05
CUST_015074,Carmen,Walter,carmen.walter@diaz.biz,Budget,South,2024-09-09
CUST_048706,Daniel,Gray,daniel.gray@haley.com,Budget,West,2023-02-22
CUST_013610,Jennifer,Estrada,jennifer.estrada@richardson.info,Budget,East,2022-03-20
CUST_018786,Andrew,Morgan,andrew.morgan@chen.biz,Standard,North,2021-07-25
CUST_039758,Richard,Lewis,richard.lewis@fry.org,Budget,South,2023-05-30
CUST_024217,Julie,Scott,julie.scott@young-mccullough.net,Premium,Central,2024-09-16
CUST_033986,Henry,White,henry.white@park.com,Standard,West,2023-02-16
CUST_011626,Jennifer,Smith,jennifer.smith@rodriguez-haley.org,Budget,South,2022-01-31
CUST_012137,Diane,Hebert,diane.hebert@williams.com,Budget,West,2023-07-01
CUST_012629,Ronald,King,ronald.king@johnson-thornton.net,Standard,West,2023-06-29
CUST_028348,Deborah,Baker,deborah.baker@morris.com,Premium,East,2023-12-15
CUST_043512,Ashley,Stewart,ashley.stewart@mcdonald.com,Budget,Central,2024-07-14
CUST_005873,Michelle,Molina,michelle.molina@blair.com,Premium,East,2024-04-03
CUST_048244,Cheryl,Stewart,cheryl.stewart@frank.com,Budget,Central,2023-02-03
CUST_033982,Terri,Andrews,terri.andrews@banks.com,Standard,Central,2022-10-20
CUST_031261,Rebecca,Fitzgerald,rebecca.fitzgerald@duncan.com,Budget,Central,2022-01-25
CUST_012293,Brenda,Bean,brenda.bean@adkins.info,Budget,South,2023-11-24
CUST_042287,Donald,Lawson,donald.lawson@williams.com,Standard,West,2021-01-10
CUST_013665,Jeff,Mata,jeff.mata@smith.com,Standard,Central,2023-06-05
